0.0,.,614.0142906643779,5637.963042758567,1024.8375843761717,-0.43874446915590104,0.015045533707391076,-0.057949235740569156,11,11,False,,,,-inf,
0.1230001449584961,.,612.9496518662862,5639.133660984347,1027.3296648232702,-0.4288750548192473,0.014422852893678293,-0.05903425635451083,11,11,False,-56.57852156024691,39.46862399038043,170.82701744257864,38.72418797217071,7790.068583906393
0.24600005149841309,.,612.0913795936638,5640.180027598701,1027.4114157167367,-0.42853175794688597,0.013636983522375726,-0.05518376046321043,11,11,False,-8.726531972247853,9.595214257529525,20.42685250434229,7.092446417749195,7791.150827340987
0.3689999580383301,.,612.0244945491959,5641.049347988435,1025.208190840851,-0.43651072659110496,0.012545712936633507,-0.052394482535068655,11,11,False,-6.977828656674007,8.507052109130429,0.6646419153170263,5.995493664575952,7792.142054287122
0.49200010299682617,.,611.5548818829797,5641.318171790854,1022.4270892338808,-0.44508952828525356,0.010763827314880594,-0.04637732984143564,11,11,False,-0.5437812625180728,7.067650815267245,-17.91241097545504,3.8462700485853776,7792.972372816998
0.6150000095367432,.,611.2142856653247,5640.866106732129,1018.3519544033758,-0.458978760553753,0.010863393815092956,-0.04006849413333139,11,11,False,-3.8179846566415243,2.1855567935234492,-22.61055552339988,2.3823644880288763,7793.2083953815245
0.7380001544952393,.,610.738003532498,5640.222506130411,1015.3379172528344,-0.4686560649359345,0.008450636428287667,-0.03407152378865855,11,11,False,-2.76907704433418,-3.6753284733427694,-33.13120265812985,2.4831128401959663,7792.757135252545
0.8619999885559082,.,609.8131286014793,5639.944089939138,1015.6513530006147,-0.46256298863999196,0.007404801053640229,-0.02703650202531529,11,11,False,-3.8409826970575045,-5.190324399415971,-24.306737006511224,3.4854555401273375,7792.094038132403
0.9850001335144043,.,608.4769971884374,5639.610914467782,1017.7863495505551,-0.4534305073406005,0.00631922895973322,-0.02158447463569854,11,11,False,-7.45866443887375,-2.2452905527042613,2.5277061659199647,4.22561646047065,7791.707357734662
1.1089999675750732,.,607.3652559968862,5639.610178411993,1018.8169951625807,-0.4521781570492511,0.005494689077113372,-0.01786138222334472,11,11,False,-10.951898711654962,-2.730946956179066,17.49997473036469,6.14520998158281,7791.2578407895835
1.2320001125335693,.,607.1240864724766,5639.877875278647,1019.4664861983962,-0.4531658494998306,0.005100803148777218,-0.017523523736872004,11,11,False,-8.965666768612726,-0.005935941728076363,8.311669284342566,4.87515464904047,7791.205147861444
1.3550000190734863,.,609.1616466446868,5639.122717501796,1017.7044572011358,-0.4494046495737951,0.004093321910138155,-0.02391163624582829,11,11,False,-1.9607255299651916,2.1763947249336932,5.280408702238652,1.5924088161266075,7791.461306353874
1.4779999256134033,.,611.2400519468156,5638.1623009009,1011.9800009681871,-0.46986533917669077,0.010230735338145296,-0.029415718034320144,11,11,False,16.431958862245594,-6.089990221127165,-14.209930284247454,9.48593663636984,7790.854774484207
1.6010000705718994,.,613.0459785624824,5637.854638707648,1006.9036074511553,-0.4859607593162833,0.00963645493562412,-0.032662710171879,11,11,False,16.897584168133196,-7.80825584571337,-46.54023972801239,9.993861242280403,7790.038676355594
1.7239999771118164,.,616.1977985016346,5638.072737464921,1004.3647124771197,-0.4914059300385857,0.00990147652424735,-0.04113335511767852,11,11,False,14.802679723274123,-2.5218216898545194,-41.60979008229519,8.05216110957764,7789.902315118519
1.8470001220703125,.,618.0113816244011,5638.339443976839,1005.0983085125387,-0.4875101819922244,0.009304834650338208,-0.04161508278741722,11,11,False,25.62457182135552,1.7731619755579704,-20.641438237285154,13.811640640432367,7790.38219429004
1.9700000286102295,.,618.9072873465364,5638.856267165721,1005.7820922305946,-0.48892996452416887,0.013245609353047475,-0.03705691969513942,11,11,False,14.744560857050223,2.1683430699013675,5.964188380968804,8.054932785925459,7790.768051982741
2.0929999351501465,.,618.2245277430725,5638.709220500422,1004.5723737826884,-0.4965576600545964,0.015903297781632464,-0.02936024889487948,11,11,False,7.2250558149690995,4.167934520211597,5.514392202503706,4.5091155608342115,7791.339940504844
2.2170000076293945,.,616.7492630472408,5636.7929312127035,999.0470690022448,-0.5075581671689132,0.004861809391267001,-0.023372912761447973,11,11,False,-5.59639115476085,-1.2053007425186397,-9.915726688085435,3.084529718027378,7791.1834913186985
2.3400001525878906,.,615.5475463997061,5633.749166096635,988.9909456735328,-0.5352231737254601,-0.004927963264600613,-0.01750148071478369,11,11,False,-11.897288980041438,-15.453936835715375,-44.55888347459016,10.418538493487397,7789.1436126949875
2.4630000591278076,.,615.0299064508707,5632.6505203322795,980.4860421602644,-0.5526081562845866,-0.010921017203987292,-0.014351721252447417,11,11,False,-9.770042530764302,-24.746028690415773,-81.75700388081061,14.0566896328016,7785.998564945724
2.5859999656677246,.,615.4433241667593,5632.783463781375,977.8433007894716,-0.5493576197801664,-0.00834368165632788,-0.017013046182153477,11,11,False,-4.174521302843979,-8.860058343450856,-68.58802334450853,5.16845963811206,7784.851807362547
2.7090001106262207,.,614.1510532790783,5634.651481464387,980.0967291957495,-0.5335448233417208,-0.015013078935408358,-0.007752636810203634,11,11,False,3.388670385129076,1.0897005898212517,-21.661818239965893,1.8924763461320462,7785.057533430701
2.8329999446868896,.,611.5416277559588,5635.245344857252,982.4824960022395,-0.5143518751390307,-0.03482163920803829,-0.0008661333052626483,11,11,False,-10.506254997643465,15.187117735856631,18.320534557404272,9.8999550184156,7786.788886234612
2.9560000896453857,.,608.5035066581601,5636.605126384659,985.3014345291531,-0.502479693181798,-0.06655357850841634,0.0048606063452232215,11,11,False,-21.043782379924863,4.78922731924649,19.24008063851688,11.583440183799958,7787.159367364829
3.0789999961853027,.,606.4563487335682,5638.236222237039,992.7604255802428,-0.48040581054846393,-0.06753218635102151,0.010163683545425692,11,11,False,-24.70014241709915,11.05512134043277,22.91817239617719,14.55135625264946,7788.261525303448
3.203000068664551,.,603.8650239784937,5637.591406839041,998.059509432066,-0.4711414478973022,-0.07414986483336425,0.017519258836416304,11,11,False,-16.643573008955645,13.260951965444365,60.642249745686115,11.558018237955347,7789.748198207299
3.327000141143799,.,601.7969183806758,5636.788010673339,1002.0005301733361,-0.4685800736310215,-0.07335879675277651,0.02161836042783097,11,11,False,-20.730598040596306,-5.1585231839853805,42.39267081458547,11.589314281440743,7788.925175157003
3.450000047683716,.,601.2734530397114,5635.455852417959,1008.3847180656113,-0.4563089403010532,-0.06489146253625973,0.02713937639747955,11,11,False,-16.813846833397655,-6.531668446188311,32.04078127387513,9.78306665370092,7787.918995285466
3.572999954223633,.,600.9640656152906,5633.841375370834,1015.2182281883189,-0.4435807512269128,-0.054631390552673034,0.030743618661209376,11,11,False,-4.25581901393198,-10.830563151262114,51.90400604250365,6.350741484164782,7786.555246958863
3.696000099182129,.,599.2491432695956,5631.1523885311835,1021.7352690981251,-0.4279405199761617,-0.047742946042277024,0.03788622214780405,11,11,False,-2.515346825246803,-13.125839624939902,55.557035081891904,7.318914483594904,7784.943654411997
3.819000005722046,.,595.4222843036589,5627.869896307116,1027.0499375019403,-0.41775725230461425,-0.040263510992113546,0.045897350548255327,11,11,False,-13.830010833114297,-21.68536506380013,52.55675081074497,14.114567980889644,7782.14155763162
3.942000150680542,.,590.5587295678777,5624.265226529877,1031.1480392588755,-0.40889708488591314,-0.03202840911691167,0.056085255135088836,11,11,False,-31.367701836535108,-26.90567859484868,43.562863260660116,22.690407179298713,7778.550989957659
4.065999984741211,.,586.853882972539,5620.568860310107,1034.573960632735,-0.39741731251472046,-0.02541487766867626,0.0635100578890953,11,11,False,-39.54104881276639,-29.306223813437935,33.31786119697676,27.017639629678925,7774.580292308212
4.190000057220459,.,584.4653112807798,5616.848893225875,1037.3616534011908,-0.39241163071765056,-0.020783159279831594,0.06669558439241463,11,11,False,-29.638772762708868,-29.570929758156126,27.40737099087528,22.99020864107479,7770.634403426917
4.312999963760376,.,582.1664551321809,5613.660706053522,1039.7168699841734,-0.389218205854859,-0.016268206380699143,0.06930180938001457,11,11,False,-19.419296802344146,-30.243657811436655,22.66418607034584,19.741029318308954,7766.739694754839
4.437000036239624,.,581.3477807597178,5608.466300078074,1038.5440571651388,-0.3833529773588409,-0.01616639765013304,0.06699543544876163,11,11,False,-18.689901588281977,-25.920240608629072,19.148116850139928,17.55748218716385,7763.387781603364
4.559999942779541,.,580.8393222250924,5602.967111200191,1033.1780221204658,-0.38673576374433377,-0.027526144448001808,0.06496579118605751,11,11,False,-6.602208822096354,-41.89034628441136,-9.458162367048914,23.169849588594502,7758.100807972073
4.684000015258789,.,576.2388335103491,5603.071175962492,1032.2019879755346,-0.36258275554734526,-0.03441742173894075,0.0656366954435234,11,11,False,-4.133812365625154,-44.70888663723112,-43.62633432515328,24.32911355623386,7752.627930993926
4.807000160217285,.,564.0671854411094,5606.922971215783,1042.906464358556,-0.32241420422516975,-0.03293707299926147,0.09586698860520124,11,11,False,-37.100693755749134,0.8392314635033222,-7.871238503465669,20.229619022048688,7752.376845520567
4.930000066757202,.,538.0183626929069,5608.156836112062,1065.1471376276506,-0.30337457022103775,-0.000962612962714879,0.15543788302233194,11,11,False,-97.37318455391778,30.814362026329036,85.63581106417041,56.8596447581395,7755.278116614849
5.052999973297119,.,512.1398503576486,5604.100117033256,1086.4900047111073,-0.248633732274874,0.038312273075845595,0.21972593551090758,11,11,False,-215.27943522027448,10.197226207749413,183.80713887040287,123.16339365592611,7754.628041803854
5.176000118255615,.,492.13098728733763,5595.488474233364,1104.6149728860598,-0.2282338401330209,0.06454913085592838,0.2545871316685814,11,11,False,-210.3945690955461,-32.981480985837436,173.51937642757716,122.45659830460102,7748.819180719967
5.299000024795532,.,475.88066120538275,5578.383807002472,1130.9140420351944,-0.16326381095765868,0.10603743662527987,0.26146117871563546,11,11,False,-162.67349178379047,-70.01327358432924,147.35729117285538,102.04963338236482,7738.900984734
5.421999931335449,.,471.38163264923776,5565.920934382538,1158.398231586316,-0.08371974016744338,0.1389207915713884,0.24425426648064105,11,11,False,-132.11657259821726,-139.06244087544218,213.81373278198174,112.89123143025063,7720.759415149207
5.545000076293945,.,476.63819458339145,5555.397585256878,1185.0395135339786,-0.008537992911086825,0.14786619478424043,0.21679981906249932,11,11,False,-36.57749572911203,-101.3242446317618,223.4488653225286,64.12351532190354,7708.063438341231
5.667999982833862,.,480.0209974861655,5537.45844328713,1204.667725229552,0.05257866391928408,0.13675669756795483,0.21604225884426326,11,11,False,42.736225521745645,-85.55558311911234,216.59553292926833,57.38510937186928,7697.908857678473
5.79200005531311,.,480.6847620717389,5520.814812255841,1224.6314115323535,0.13096427859309004,0.1652259286229069,0.23536737354667459,11,11,False,27.502483521613552,-145.84679350082916,159.57907812883914,88.78955183601296,7680.204971068414
5.916000127792358,.,485.73331124151713,5512.0299363538525,1242.6143743221057,0.20245353549502954,0.1680479821191186,0.266503044397333,11,11,False,5.3529370773910685,-134.22275244293695,160.9973760792966,80.92340752707432,7663.629889175407
6.039000034332275,.,491.6277198973448,5507.43049478125,1252.8649769656408,0.23552833494469616,0.1813460788809602,0.293753130542281,11,11,False,40.7140824100982,-70.8457319930931,145.02380869786822,49.38801622349003,7655.21299674274
6.161999940872192,.,506.3245204782837,5517.39358657199,1256.2648407213878,0.25214549825767923,0.17398205224038926,0.3133431239435159,11,11,False,47.155269246621174,-36.7955325808216,82.00482114828083,35.89589992554563,7651.02377982357
6.28600001335144,.,527.7616371361847,5535.824241144604,1258.833632022068,0.24802030726669508,0.169004956479915,0.30982173060939266,11,11,False,121.4613494587979,82.33972877435093,28.098090973940675,87.3800055724752,7661.9526950895615
6.4090001583099365,.,554.1544469469042,5562.7152099371415,1260.413528201559,0.2748889589123877,0.16157576844504187,0.29018482756785186,11,11,False,172.87987199756364,148.63422419126042,20.716046767715643,135.7136268569795,7681.783560685138
6.5320000648498535,.,586.3618196621029,5591.991579113317,1258.0775079798761,0.30895564750695875,0.1468200757755841,0.2363673336305959,11,11,False,214.5754366356653,218.62550488547592,12.844669248350232,182.2075473888955,7710.489969860225
6.656000137329102,.,620.8205193338896,5620.963142159047,1253.2236289037348,0.3198513595948166,0.15469888609308205,0.17573739719108983,11,11,False,261.84875762280785,238.0194424511585,-18.992048753507174,209.20852334590575,7742.112620613316
6.7790000438690186,.,659.0438215943955,5644.9752169970125,1245.4747931516,0.3082497950367901,0.1738108023371797,0.12669257061622277,11,11,False,277.8925768575942,233.64150089975126,-39.144163217756414,213.58365208545854,7773.7067500949415
6.9019999504089355,.,693.6972046832477,5663.602563357871,1234.6004233736414,0.27804957247145595,0.18923881489795338,0.08736003006143458,11,11,False,310.75879108982343,195.22026896966202,-62.99871252032389,214.47796647135186,7800.8076635544585
7.025000095367432,.,719.8190960868125,5676.244939961974,1223.8958623523417,0.2532876404907703,0.18745758863003295,0.04527527276048842,11,11,False,279.46260349687816,150.22044736285116,-87.69647920793221,183.9778912575473,7822.377638551132
7.148999929428101,.,741.8572878903924,5680.8034085442505,1213.2952956590839,0.2372077583121185,0.1645890351380619,-0.012165817653696743,11,11,False,214.11390078568164,103.62605555953859,-87.74231854267869,137.4184902055227,7837.398997955667
7.272000074386597,.,758.9361761858121,5677.816503646104,1201.7685689623845,0.228150658928451,0.13147061319083927,-0.05292366826813319,11,11,False,177.727591093367,36.76189260097371,-85.48855547719008,104.49784639409474,7844.014199040523
7.394999980926514,.,770.1496178619232,5672.031728489961,1190.61213546969,0.21039236915589068,0.09652405912920392,-0.09503229421037807,11,11,False,137.73288961809206,-24.08792864734995,-92.95741902593177,80.07924955185278,7842.662074561559
7.519000053405762,.,774.738820983711,5661.982632191117,1180.1697197889737,0.18996166845379686,0.07798790445403679,-0.13293310644194417,11,11,False,91.9134721682989,-47.41619795880709,-91.44619189599993,59.012169930048856,7838.002572268235
7.641999959945679,.,773.1761576167668,5655.8887558637625,1173.426613371744,0.1736572536059496,0.07150491515545702,-0.15067993481507952,11,11,False,36.71362497430255,-80.39277039075387,-83.53932544573036,50.30600134203041,7828.481710144128
7.765000104904175,.,766.3700962132997,5654.13266281984,1175.0561514066821,0.17172580650729782,0.0699601039301228,-0.16904005091444332,11,11,False,-12.704565246418987,-49.54365159009034,-54.821938783121006,29.18430136197879,7822.28594579983
7.888999938964844,.,755.4254684720462,5654.340323723177,1183.2623899073292,0.17375664594440557,0.0676898767647346,-0.15778280791702703,11,11,False,-55.33387459329753,-14.277190067232201,13.248286773366926,33.00641740952539,7819.845040113323
8.01200008392334,.,743.01991408172,5658.801400557047,1197.2006890242542,0.1813061781250573,0.08423222038335655,-0.13869286573481862,11,11,False,-87.55702193002799,1.661287226692366,65.64990800517626,51.18163698706767,7818.959890132068
8.136000156402588,.,726.6441061196729,5658.092556724025,1211.8145370493683,0.2097820836258232,0.10847778712271093,-0.14275411089543125,11,11,False,-102.525199259844,36.868387894267286,115.19250565862619,64.52647373904848,7822.211661726055
8.259999990463257,.,706.0097462201533,5652.297447753176,1220.1099591576415,0.2251204464171713,0.1165976349786441,-0.11805065991892133,11,11,False,-132.06289024377543,-5.716479183031361,117.85354421917582,78.71483081569366,7819.970556473726
8.384000062942505,.,662.3751152303877,5647.998466613694,1229.2015547414487,0.21168003596296595,0.12823341245956896,-0.07084949878441757,11,11,False,-165.07487919615687,-46.36087176678848,66.36337686618572,101.50786763668313,7812.2464408707965
8.508000135421753,.,633.7437087611421,5636.701420119191,1222.2338245140895,0.17570788672741824,0.13139310290687997,-0.00860188389482123,11,11,False,-354.75336703288383,-34.951092731820054,73.91546741425176,211.9576067237282,7804.10391117162
8.633000135421753,.,610.3675736209054,5621.943866807896,1211.2636002448232,0.15084416372833184,0.13961302641025827,0.062074176443764915,11,11,False,-229.0512517539646,-90.37637195602292,-55.74184181887358,142.92933605843936,7790.456732113713
8.75600004196167,.,591.7997881037187,5612.807599541443,1197.2104937190459,0.10576365414962192,0.12850591885738022,0.11075127269105586,11,11,False,-188.51710868272895,-119.01245714001975,-88.46949884728653,128.20839095328986,7773.873002604653
8.880000114440918,.,578.2716655146374,5606.113643203176,1180.3234571970895,0.07147968666092426,0.09458483451086606,0.1248646828954957,11,11,False,-149.740406169432,-73.67967332910008,-113.33165590287527,95.09690863878747,7763.279430276213
9.003999948501587,.,572.1830469655015,5607.699368114112,1166.2007781490763,0.04302753147433453,0.08900726950644422,0.1147687316143001,11,11,False,-109.98460687705726,-54.42234511614077,-137.29281805037343,69.22119008262952,7755.553959824257
9.127000093460083,.,573.2258381787013,5611.607153969473,1159.85153503652,0.03188634032765682,0.0925477588885952,0.10774954852241858,11,11,False,-49.10182820210068,12.788121233775053,-113.89272538141822,28.587741801868756,7756.669293084364
9.250999927520752,.,575.1090612840045,5613.840910079525,1160.4596510315334,0.037227161146616713,0.09264503540185333,0.098147145137822,11,11,False,8.477967351597163,31.77057926785047,-51.61980186851525,18.68056075648648,7760.687526022797
9.374000072479248,.,576.3701520245996,5614.838309799181,1161.1068233493809,0.031507144385198124,0.09697784638106484,0.09066349444044076,11,11,False,15.187303431242993,18.01418628479152,4.904167812965128,13.518569412852234,7763.040745302891
9.496999979019165,.,574.8786693889604,5615.712328730138,1158.5439626934592,0.013472103976648282,0.08691655690375819,0.09172182611737258,11,11,False,10.1700806731882,8.043541424724983,5.2191285449106655,7.441573882832628,7764.118171829938
9.620000123977661,.,571.0665466626247,5615.759358235208,1155.3723284734783,-0.004632704566028142,0.0634105252608572,0.10038534036326115,11,11,False,-12.22526960766915,7.164090830049164,-21.007058169404,8.088251940377424,7764.88260535114
9.743000030517578,.,566.6181280597767,5615.800297833977,1152.2143448278073,-0.018509779504622684,0.044773374991983916,0.11199337465518465,11,11,False,-30.49698181068561,0.37623604055988835,-25.373073759847102,17.3762408227984,7764.673297267046
9.865999937057495,.,564.0121064755283,5616.0769017462635,1148.8772214881967,-0.03267649590893469,0.04777882353899829,0.11963123267406993,11,11,False,-36.46245383492347,0.33557053942254544,-25.885116301331077,20.748735910164875,7764.365718432483
9.990000009536743,.,562.7608973927001,5616.914641234276,1145.9120761223546,-0.04497577602467221,0.048068674821667504,0.12296811642681942,11,11,False,-21.18714238204982,2.2488096447327406,-27.131052087268802,12.10631857070884,7764.419056933775
10.114000082015991,.,562.8449028245175,5618.486330611658,1143.2928468609393,-0.054142565370219976,0.05272699631227521,0.12078708653476124,11,11,False,-10.172439297115247,6.810895321621727,-24.106891210358896,6.952056765597099,7765.164142333125
10.23800015449524,.,564.2825089480898,5619.834212137514,1142.671167697272,-0.05324400501817803,0.052320353283594426,0.11452208594946194,11,11,False,0.6720434545386524,12.573515019052138,-20.95383409132228,7.147459980707304,7766.745848400322
10.361999988555908,.,565.4621339427378,5621.231618235032,1143.1401989641547,-0.05113642488765847,0.048484555661663375,0.11194580540112806,11,11,False,11.593590994173914,10.870005951668825,-5.013538712014348,9.043955308248295,7768.191023905824
10.486000061035156,.,565.5024260066651,5622.638906745542,1143.8284683721802,-0.050647302072104806,0.04819076342011704,0.11274674239721094,11,11,False,9.590454398151351,11.361033815618299,3.8132652298435064,8.47517081693126,7769.646179317252
10.608999967575073,.,564.6956882762593,5623.488087656731,1143.4311928061622,-0.052447154225455615,0.04587865879429566,0.11442638687337563,11,11,False,0.32233651141905284,11.258308084077726,5.506155264203699,6.423755516507161,7771.069677406708
10.733000040054321,.,563.1785342345132,5624.521564812756,1142.2502200929182,-0.060273423349144865,0.04840134890966705,0.11758798547754096,11,11,False,-6.612605484785699,6.960500469068544,-3.2563576585166163,5.466730342428092,7771.876012030967
10.85700011253357,.,561.7249170152032,5625.084452639766,1140.4964082753556,-0.06949914735037876,0.0503833245809968,0.1215468045014084,11,11,False,-12.137232333968313,8.267817248197389,-9.447781705952366,8.349551781325992,7772.7934681022225
10.980999946594238,.,560.7348566472148,5625.473489273354,1139.71320944649,-0.07258568796823925,0.04893054082498324,0.1234003152851138,11,11,False,-11.818012245436652,4.576318403526109,-14.25861585898417,7.194713928055304,7773.2069636687775
11.104000091552734,.,560.3453296862644,5625.681629370129,1139.3908743211646,-0.0733062819623811,0.04941729167399388,0.12441381024846958,11,11,False,-7.9204829439077,3.112293068705185,-6.265590630924635,4.836551392189404,7773.507703315113
11.226999998092651,.,559.9977161913479,5625.983584405865,1137.7426748209195,-0.08011308227544191,0.051905921686946695,0.1253721905032692,11,11,False,-3.1928444913021603,1.7060666604034178,-2.6420916455636823,2.058438339671191,7773.714264406416
11.3510000705719,.,559.7920226877031,5626.037771671376,1137.676916272786,-0.0801276780539481,0.05210508742738813,0.12619296141448383,11,11,False,-2.8261281223312316,2.454920855071458,-13.400006118786274,2.1233861328229637,7774.014386359103
11.473999977111816,.,559.3556250651734,5626.197723141672,1138.7225173895736,-0.07588213952679966,0.05601034377794655,0.12801973708511533,11,11,False,-1.6588176081845614,0.4369938212689724,-0.530310562072853,0.9751537666155872,7774.017163124102
11.598000049591064,.,558.9058166647368,5626.14557541284,1139.5312347616002,-0.07528154711056986,0.05832633439355129,0.12962974187174295,11,11,False,-3.5479508465164216,1.300419445804295,8.50082854695697,2.152285929324107,7774.168486752963
11.720999956130981,.,558.1598924865752,5625.60163571546,1140.0069904002219,-0.07645947511696856,0.06658687721124984,0.13272653465830034,11,11,False,-3.6274849799937545,-0.4205459544455006,6.521910478415176,2.079855696455671,7774.088429808023
11.844000101089478,.,555.7472182767605,5625.345530637155,1140.5686714032859,-0.06582127116406294,0.06125908881865755,0.13864615346260928,11,11,False,-6.064428820679395,-4.422277322651718,3.867934960318469,4.273569070164119,7773.529919729388
11.967999935150146,.,551.9448621131525,5627.020593606129,1141.498300777694,-0.034069808401986354,0.0657257931234639,0.143162064188191,11,11,False,-19.615214361161033,-2.082152654304364,4.56650683829294,11.235058146065695,7773.0447535453895
12.091000080108643,.,544.4887557471964,5632.82982095555,1136.2831555715193,-0.016042233623669636,0.07753948169406177,0.1510515520484969,11,11,False,-30.664203645205244,13.508590407907619,7.497021116604189,19.101383327064386,7774.452207391426
12.21399998664856,.,532.7237603673323,5634.260463592178,1125.3189804247183,-0.008468549411994725,0.08763428077067291,0.1078761467711105,11,11,False,-59.64885092764871,46.473818795362604,-41.72116164939871,42.65948176509583,7779.709250600032
12.337000131607056,.,510.72718605008725,5624.800226227081,1124.8020563850666,-0.000564622425980523,0.07881465501909185,0.09613206316731625,11,11,False,-96.43421648709518,11.726558088787096,-89.87012791510693,54.12870821204825,7780.3116060960865
12.460000038146973,.,482.9459954969749,5609.082901711617,1132.3593506810976,0.010970169531071938,0.06000477241030859,0.13110186181661246,11,11,False,-180.29982049250643,-77.54294255747995,-4.237083020895509,110.97081548579212,7769.389041946227
12.58299994468689,.,448.5645621515215,5588.356317744541,1142.889106018577,0.027986277222700313,0.02861880635954822,0.21318184016112698,11,11,False,-224.0421591170837,-126.75278668336394,60.94600330137057,147.60591112439093,7751.864227788135
12.707000017166138,.,421.4830971988154,5574.08544777465,1148.5551827163167,0.05117042578872711,0.01986034248220008,0.29856189722061793,11,11,False,-281.815075886631,-169.89006173369452,86.30948482233161,190.24818170512015,7729.103187049762
12.830000162124634,.,399.26285502876186,5566.023037967723,1143.5672926220723,0.027665862056950704,0.04039529131797607,0.3595443246643562,11,11,False,-218.39878325263308,-115.0875937776549,45.69414020857123,142.02049306164682,7713.308618610202
12.953999996185303,.,385.5693682233309,5558.655713388154,1138.512319141795,-0.0029400924589212517,0.06958833855318797,0.41709933707525737,11,11,False,-179.19539662988672,-65.0193959223357,-40.22489660301766,107.86145535050869,7704.03745654094
13.077000141143799,.,385.58810274565633,5555.380957393984,1136.6278113277174,0.0030806111302921634,0.07866520593268747,0.41764878719774645,11,11,False,-111.3292456119633,-59.896993313389636,-41.097376595459906,71.38658451636512,7695.939714919412
13.200000047683716,.,401.19473066791875,5557.015331538242,1129.754012645527,-0.02945985578692671,0.11480020986168633,0.36660087207724235,11,11,False,0.15108476915247168,-26.409307097122714,-15.197634778745245,14.969367914103612,7692.7004113319335
13.322999954223633,.,426.2939712870638,5560.096558234032,1125.879283846887,-0.044353737572475835,0.13170296241668508,0.29758080185464647,11,11,False,124.85302337809935,13.074993154063122,-54.990389457523634,70.48789002494054,7695.1341229166155
13.446000099182129,.,471.4031303303231,5565.274784518464,1125.1135712170324,0.04687905969319808,0.09856517813267567,0.25274104048927276,11,11,False,209.1605379639086,25.676913618996917,-32.28943744894081,118.61747046121287,7699.581262437408
13.569999933242798,.,506.0788579384993,5575.383879121053,1125.7115008636626,0.02955103189960562,0.12114409184350076,0.17934562987583516,11,11,False,366.74069822015633,42.09935107132612,-6.22529859711066,208.6701601380508,7707.406131672615
13.693000078201294,.,521.2241210271842,5588.336376673907,1136.4644450600556,0.0406296529140013,0.15875705559815628,0.10335054910726649,11,11,False,279.64333880649014,81.52506557099723,4.822019732201774,165.0069069124678,7719.749870369426
13.815999984741211,.,552.372501338516,5598.18885222924,1133.9815800562421,0.052987361194397696,0.13459109674316522,0.04917654999517404,11,11,False,123.13207511906062,105.30473404908925,87.42220751057903,93.4721888276398,7733.706677562208
13.939000129699707,.,580.7912924539957,5609.102245934525,1132.4504266055712,0.04920960815820148,0.10590913499887487,0.0009402927586019627,11,11,False,253.23905674044795,80.10148814329466,-20.185909677969534,150.27221668713975,7745.6870088853675
14.062000036239624,.,605.3812081570579,5616.089063050404,1131.7446501331226,0.0712258820699351,0.09138532244503031,-0.037284836017857294,11,11,False,231.04680994537824,88.72667352520003,-12.448387367247056,140.13526489506876,7758.660842275717
14.184999942779541,.,629.615105832506,5624.272915593849,1132.0956742664478,0.057278743772276465,0.07840407869361518,-0.07423338870673868,11,11,False,199.91816575146862,56.80343434741775,-5.738024461177852,117.78061337219636,7767.592290740254
14.308000087738037,.,648.9375152675029,5629.480265536402,1133.8069508386266,0.1066730092366781,0.07377789195162021,-0.0866068909223168,11,11,False,197.02370804309047,66.53543708823172,2.8538569109500656,118.04153207679782,7777.717451873851
14.430999994277954,.,662.9346782268633,5637.051514269202,1132.0757355652274,0.11311620147597545,0.033298584202891585,-0.0821321241866748,11,11,False,155.8257914585548,41.99473305489186,13.800609450975871,91.83793224061023,7784.509580824192
14.55400013923645,.,673.4748913907263,5642.795842253114,1127.7515202104569,0.11191142892036922,0.03458023400417685,-0.06934157915147256,11,11,False,113.79793872668544,61.55479520251664,-14.074904334326543,73.2238313283793,7793.255385589287
14.67799997329712,.,681.1199702763591,5654.067211325839,1119.1979700985942,0.07928124665539432,0.028522054043002544,-0.06330040601078571,11,11,False,85.69285506279935,46.7018890136109,-35.15624910956519,54.94437189706036,7799.912448249262
14.802000045776367,.,684.5703384356663,5660.056044673609,1118.384617501311,0.06402096765178586,0.03541208466391507,-0.04640872059897475,11,11,False,62.155160119181254,91.63721656217018,-69.54111066000553,61.77091195720555,7811.823135584454
14.924999952316284,.,685.7554801568901,5665.244649927582,1118.108723898674,0.05461603259017385,0.004989640899154977,-0.0768997117945661,11,11,False,27.825533407527256,48.29701489708769,-6.5592913054093085,31.42695683176883,7818.052954190075
15.04800009727478,.,687.3460652415506,5669.6710639656,1119.210317955091,0.040918932611024944,-0.022984457816121434,-0.09816958025047225,11,11,False,9.557588939492147,41.84356629986142,-2.2249471078578775,24.21569957113957,7823.319783014739
15.171000003814697,.,689.5991328785502,5676.994384185748,1124.269772974812,0.00600318292288035,0.00038766413539884266,-0.13114301762822478,11,11,False,13.037584903277688,36.2820885184162,9.029461031661494,21.803021820472022,7827.886893287071
15.295000076293945,.,695.3265358955083,5695.015867715044,1126.4177913757117,-0.07408398385099195,0.029909985609149044,-0.13321261475558974,11,11,False,18.31763698347553,59.53923402186184,41.13381190317355,35.49212215447061,7835.393889227603
15.419000148773193,.,698.2440889131472,5705.922873121441,1126.5861936445685,-0.13065940187117017,0.022092218968362873,-0.13402067202928622,11,11,False,46.18870700996231,145.33445964164514,17.322718914209936,86.59742273189694,7853.79773613572
15.542999982833862,.,696.9138716219819,5702.760856242888,1128.836544654426,-0.15042881500408312,0.0208486920627342,-0.1578589209682001,11,11,False,23.52863961532859,87.959669606017,1.3580820195493282,51.56534262383466,7864.947352746133
15.66700005531311,.,688.0874613852978,5689.911567828236,1125.498624876118,-0.20074248323141286,0.030307723348323816,-0.1408187891161053,11,11,False,-10.641738329321925,-25.296135028424032,18.002808078859744,15.599754132062374,7861.715296156525
15.791000127792358,.,668.2792298167956,5674.914749056492,1118.7117787730767,-0.2551210124130266,-0.012592134236838392,-0.0808699407729447,11,11,False,-71.18082297082432,-103.62343233753833,-26.918743912794056,70.81953417992169,7848.138335567417
15.914000034332275,.,647.052205447997,5662.311653173674,1114.58909430691,-0.2681161134968514,-0.05233314749576609,-0.04826134872185966,11,11,False,-161.04234328492987,-121.92521217600554,-55.17754556574916,112.94479584596891,7831.435475029667
16.036999940872192,.,630.9720055252875,5653.165530529693,1120.733726957982,-0.2641190959927984,-0.022531712841688083,-0.041611088750094345,11,11,False,-172.57756502367553,-102.46427202550541,-33.51778535562338,112.47313206486372,7817.019199792215
16.16100001335144,.,611.8070208901219,5643.420245104958,1128.6176772391311,-0.22661934574565895,-0.01493838406777941,-0.027281779091305237,11,11,False,-130.7334320411947,-74.35877718340618,49.956400975621115,85.71210522170473,7806.5894411668405
16.284000158309937,.,593.2370024483807,5639.091640761149,1133.6597129004876,-0.2189199111323549,-0.009229107875811337,-0.027202549219961524,11,11,False,-154.55623736327237,-78.59096555258722,63.580207039544014,99.3357944397675,7795.333855423749
16.407999992370605,.,576.8276475681071,5632.617877701148,1141.581304764128,-0.17985259551958713,0.002976413203488258,-0.026916881452096666,11,11,False,-148.560147533929,-34.62883475046692,40.336285290852175,87.20165808397444,7789.600751554196
16.5310001373291,.,566.9390936773781,5624.6112434687175,1145.2608180072111,-0.16731531447796508,0.007995704763755477,-0.02895815016286728,11,11,False,-134.50293198571708,-53.06364076492325,64.93109201597387,83.2481179790505,7781.883544630829
16.65400004386902,.,559.9148086832615,5620.502261723513,1146.5459261375122,-0.16567913918898566,0.0012645754409550847,-0.026657402146207935,11,11,False,-79.74635573204102,-64.56959316512267,29.673476551386496,58.797891236672385,7773.163442376113
16.776999950408936,.,554.8201512978196,5619.211890309641,1146.2761598919178,-0.1744156446866191,-0.00771860234587793,-0.024043165571711954,11,11,False,-57.57611641075043,-33.680184031501504,10.533675010707915,38.11489576534305,7768.567559829468
16.901999950408936,.,547.5493357364871,5616.548827607505,1145.3930846763335,-0.1783632970346087,-0.012424705448556525,-0.009872114287672682,11,11,False,-41.42001021593089,-10.490832474358166,-2.1932231753918927,24.3592916673546,7766.891466792211
17.02500009536743,.,541.2520325259902,5612.262015445125,1140.7111638409804,-0.19328320795011822,-0.009511476602472748,0.0029731733690226674,11,11,False,-58.16652449065987,-21.304501617087226,-7.064601724674503,35.274434781496666,7763.692263291397
17.14800000190735,.,538.7017454335039,5611.965923129702,1132.4281631128567,-0.2205018135117817,-0.019770430919347815,0.008723795499803738,11,11,False,-51.19752673967838,-34.85209032742315,-38.064352175625146,35.01994751681871,7759.009130550699
17.271000146865845,.,539.3392141888211,5613.114646587119,1128.6902425646674,-0.2338873143410207,-0.021126961148001704,0.007940891048239201,11,11,False,-20.56685891400907,-2.387844448875617,-66.79848235983148,11.61385637851152,7758.519740043522
17.394999980926514,.,543.0985699668884,5614.258014088144,1131.330081732208,-0.22687848698467214,-0.018368412004492927,0.004052084917931464,11,11,False,5.225144419455386,9.415749262931838,-30.638638411417233,6.069516798169903,7759.698083494832
17.51900005340576,.,547.7946023940931,5616.56654824848,1137.089310218997,-0.2127974644721516,-0.015275689278510455,0.0007017502263339686,11,11,False,30.317425878392402,9.220717992779164,21.289054034129602,18.039609757889,7761.0985204860235
17.64300012588501,.,551.7549604781124,5616.839848129742,1141.3391044648367,-0.1981518525844613,-0.013944098553454512,-0.0016239535958389977,11,11,False,37.871207115549296,18.617200088514178,46.445363874709045,24.17927884933903,7763.742430575054
17.766000032424927,.,553.93745940922,5618.281116432166,1142.8309928997319,-0.19614977989920315,-0.013971227978059091,-0.0031131177631067938,11,11,False,31.93835297702797,2.204030012219567,34.272514208012964,18.333174082243783,7764.326796458706
17.890000104904175,.,554.5872925925158,5618.886492221729,1143.4256962715592,-0.19821502864050689,-0.01949022972145915,-0.0035775006391004674,11,11,False,17.74390723133858,11.717637378497662,12.129183483655613,12.137033410029687,7765.903273015489
18.013999938964844,.,555.9510353059652,5620.171124160669,1145.924463114364,-0.1889976059720435,-0.026389676744524367,-0.010243852815365807,11,11,False,5.2405871246939855,4.882059965446232,4.795992130785748,4.08387801280782,7766.536445901638
18.13700008392334,.,559.4694431191051,5628.493566049455,1154.2154535793763,-0.15796141091127813,-0.023701430949762056,-0.015935728438088558,11,11,False,10.909941707594953,10.277055511520302,19.990134742438386,8.576340414087596,7767.903111285721
18.259999990463257,.,556.5983670265136,5640.93419012886,1168.4407192159674,-0.10971718003243389,-0.027037351530173302,-0.009294238560676125,11,11,False,28.83941326405633,68.21674852483692,67.9589499249823,42.85834829401708,7776.484571669166
18.384000062942505,.,547.64937214406,5653.689260568086,1186.6254631107481,-0.07599844133597276,-0.01593964354446217,-0.02772747271778314,11,11,False,-23.34209978980528,101.14336205099276,115.65265402843676,60.86871653976685,7788.677058338147
18.508000135421753,.,536.5160808758943,5662.482746980172,1206.7733447366409,-0.06684558448441073,0.0017546503252149528,-0.03910523026132503,11,11,False,-72.16927138450941,102.86341115938211,146.6510747227506,74.54520682507022,7800.73598736948
18.63100004196167,.,521.6148088231955,5681.45980600384,1226.9944166850798,-0.07118466945914016,0.06116043187567751,-0.0507384483329257,11,11,False,-88.3595053364773,69.78961484432519,159.9039144095891,67.41147365174258,7808.729968444848
18.755000114440918,.,516.6726946148045,5694.479065325794,1249.8003224768306,-0.041973000772719544,0.13462850515065083,-0.08633369769894826,11,11,False,-123.15095628611556,156.83513179262152,167.11622596874824,120.34596772246779,7826.636782487128
18.878000020980835,.,522.1169258004327,5695.453906353715,1273.6982351984955,0.026524639395536006,0.16933095352863464,-0.16227289426986521,11,11,False,-39.85573644900953,104.9939654199257,183.9184875925572,68.48226017769572,7839.319299946962
19.002000093460083,.,526.1278874578173,5694.4529899557665,1291.9577731713205,0.09672625637323724,0.1495945502514951,-0.23789841260958752,11,11,False,44.262075791588884,7.925542834493219,194.29212097741956,27.68059956614178,7840.663555670919
19.125,.,526.4735621228828,5693.3543034243185,1292.2663583882852,0.1521552962538053,0.10513957260780876,-0.3102701696624617,11,11,False,32.346446072085214,-8.071901716960415,147.25425241893157,20.48359397035637,7839.930431483974
19.249000072479248,.,529.5189441057291,5686.598960814467,1263.0027396238825,0.08549809256048513,0.06020816656208111,-0.33788910397499444,11,11,False,2.787702642378455,-8.8603871107641,2.4885937896799866,5.573794226324929,7838.879095055119
19.371999979019165,.,539.618844355429,5687.041641373443,1242.3250095312708,0.05599204208782653,0.045896841965013535,-0.3550379452838469,11,11,False,24.759173933282614,-54.92141990670494,-237.91531932159228,34.415894887897274,7832.343524425073
19.496999979019165,.,557.0188643301769,5688.773312230498,1242.229216865945,0.11651976596826538,0.0063821283163157895,-0.3326756822867206,11,11,False,82.1130725528005,3.599031669441884,-168.1117545069123,47.15549932238972,7833.480722013113
19.621000051498413,.,580.0047543943253,5692.763245904734,1256.5191827796552,0.1916721314759061,-0.03850149407335102,-0.33542079329541363,11,11,False,139.20015979798336,13.853366856441426,-0.7663413226055127,82.51088705472041,7836.421094064858
19.746000051498413,.,608.3219712298682,5697.897702176827,1288.2877493780982,0.2919107430824102,-0.031752024137531476,-0.33788674790075673,11,11,False,185.36997281187232,32.17686566193965,115.24159323456554,113.67442230475282,7842.096014449506
19.87000012397766,.,655.5900706803316,5695.9449014826,1307.4440264022685,0.4018067150700472,0.00012480532211833336,-0.3327592725222797,11,11,False,226.53773468434247,41.07565017674642,254.14853278754345,143.80083608376455,7849.414630706454
19.993000030517578,.,682.0221490340581,5693.135631802108,1325.0514761678965,0.46396658464920043,0.029256294738365867,-0.3081255097945676,11,11,False,381.1941275951587,-15.748383490293078,154.48601473500113,235.8449467631152,7851.341757082205
20.115999937057495,.,707.6649364894156,5694.001815698697,1321.4506553869978,0.48961675326255305,0.031120537684198136,-0.27497754064133406,11,11,False,211.4566268298122,-22.4741574439322,140.8595981250237,131.88919505143005,7850.781288989571
20.240000009536743,.,735.0834742992827,5700.451712631752,1306.36404970127,0.4525609480384993,0.024939613128961906,-0.27753998185654505,11,11,False,211.92419064679675,7.158555658408892,-29.758895400299988,127.78065171884445,7853.947426649262
20.36300015449524,.,789.0536225922103,5708.080974404405,1283.3360490693067,0.2586877715899644,3.054699260187303,0.6152963963130907,11,11,False,221.11711115697685,52.01526744377235,-121.66610376983955,134.20142845171156,7862.934984305688
20.486000061035156,.,804.5752231668068,5712.433479588614,1276.6498605865559,0.31204848631672755,3.029585419639298,0.5822074405282138,11,11,False,438.78117632413193,62.026445377177566,-187.2192966905336,257.0474444513195,7875.811145561573
20.608999967575073,.,809.7938863301395,5720.342668245515,1270.9163241198755,0.3529061489197605,3.0128070134880875,0.5520789223201229,11,11,False,126.19197047567918,35.38624789764683,-54.35929726158745,77.51573737600272,7881.709429604607
20.73200011253357,.,807.3094109231087,5724.774776164981,1265.7874902658657,0.33372368967505023,3.011397408316912,0.5433895101583692,11,11,False,42.428188038004855,64.30239566347646,-46.6141530344955,45.53550357939594,7890.1296715421995
20.85599994659424,.,800.0072498927705,5729.392975368907,1261.7604969974668,0.2877317978877437,3.0303952066015416,0.5102338627926774,11,11,False,-20.198963244060696,36.033355253049166,-41.697787069604246,24.394266793990486,7894.292137116064
20.979000091552734,.,793.1837014176119,5733.20537885724,1258.7038809534552,0.21870239192777097,3.0506155823449843,0.47961470195501593,11,11,False,-57.95369230776379,36.652395717972475,-31.960282419493016,40.50438936659452,7898.130613881946
21.10199999809265,.,788.1860257889545,5732.466371788305,1256.0415194786794,0.17309754754221526,3.07154281069952,0.46584825172957867,11,11,False,-56.39293860340235,31.50745343594399,-25.261278868561053,38.16016619218417,7901.18001964671
21.2260000705719,.,779.5294555075246,5729.304488437378,1252.086587994955,0.12766834229687232,3.0932932603804,0.4728391092156798,11,11,False,-40.63154004946814,-6.008192117572469,-21.645231688950062,24.25618985360645,7899.990715852887
21.350000143051147,.,734.6978219820074,5720.028800501637,1253.8850664010463,0.37129966274585274,0.0293507239382603,-0.161773176544423,11,11,False,-69.25256225143858,-25.29506680741906,-31.639451869796176,43.410103814195125,7895.982271811395
21.473999977111816,.,716.256972508431,5713.28316358521,1243.0821224800698,0.2988368654274339,0.041088775367629796,-0.10704282013644129,11,11,False,-358.6530682041375,-74.20550348592224,14.3878272487309,217.42617957365644,7882.395664559644
21.598000049591064,.,682.0511498328451,5712.939807142405,1235.3837616972457,0.2360943946500342,0.05335927413962263,-0.055221992800449336,11,11,False,-151.15452987643204,-55.29211538116538,-88.54873589182742,93.58936557462624,7873.9587630240285
21.72099995613098,.,662.6217137627452,5709.904899709965,1222.4696627191913,0.18658705850596302,0.048202904574292875,-0.009926661466726138,11,11,False,-275.85324743508,-2.769001952499268,-62.08351841175226,160.690327249544,7870.5248411367265
21.84500002861023,.,643.9053718912207,5705.833209762148,1217.434285188789,0.15357909510844794,0.05848214540883743,0.009176790851379646,11,11,False,-156.68890897907727,-24.475045633117453,-104.14589862611295,91.32158203918863,7865.8274435271
21.969000101089478,.,626.4786018840296,5699.654632836136,1212.6989904750676,0.13336438335664513,0.0748380514024929,0.01983714545611075,11,11,False,-150.93844288829624,-32.83625319873705,-40.60793765206644,89.74018543053558,7860.189845440331
22.092999935150146,.,611.7161620604332,5696.582408046722,1204.6879838120324,0.13325280295334632,0.03655816949792557,0.020612529101575898,11,11,False,-141.680889994654,-50.23227353184185,-38.49828563469837,87.21838515389233,7852.5778621903155
22.216000080108643,.,600.2126971727918,5692.443900587623,1202.6583090592292,0.1361103285325872,0.02695181041883789,0.02204981843311179,11,11,False,-118.09951858877048,-24.577798315316613,-64.08805330428186,69.49473856210128,7848.332743483401
22.33899998664856,.,590.9915045663962,5690.978547826635,1202.260584595149,0.12845869935690252,0.06148215827584608,0.034521504729707594,11,11,False,-94.29071201589633,-33.92219812143431,-16.63668116274315,58.15003310194583,7843.3295199210115
22.462000131607056,.,578.8524886540487,5689.893352421363,1198.0699670477416,0.11371989830046993,0.05126938415391373,0.04730836854464981,11,11,False,-74.36441303644213,-11.817354068347491,-3.207453480695483,43.788035343057196,7841.17337720079
22.585999965667725,.,564.8705499329651,5690.864742680879,1194.8114001032286,0.09230702788208467,0.047042436984036956,0.06634445905281997,11,11,False,-99.50014754052218,-8.895045835227906,-34.34933006627197,57.70429976745648,7839.15745748292
22.70900011062622,.,552.209438179719,5688.445345379268,1192.787497410459,0.07786031807892668,0.08423369099913662,0.08607805982504031,11,11,False,-112.7577212260032,7.8338028988125075,-26.27880084838374,65.30411913247897,7839.058792573366
22.832000017166138,.,543.3541952214275,5682.252068037337,1196.6520693422806,0.08337092617991226,0.10550382282160782,0.07183440297402127,11,11,False,-101.28889402596906,-19.35517841289402,-16.1912215421562,59.638264132930175,7835.751544282964
22.956000089645386,.,535.3769088062396,5675.06071788975,1206.415457592906,0.11418707777663985,0.10791451536441773,0.06564715247615363,11,11,False,-72.58397115708013,-50.76457710666813,31.67682456088303,51.71168346724636,7828.979499049085
23.078999996185303,.,530.3246749446066,5667.814202084125,1212.9030813377392,0.13055014266546322,0.09623285707063198,0.07547187674912671,11,11,False,-64.85591068107829,-58.46619245866723,79.37704670120426,51.565226516677086,7821.225934277423
23.2020001411438,.,526.8746536723064,5654.8028911775355,1223.0072074121597,0.16852676853993434,0.11170570623419547,0.1148130311195778,11,11,False,-41.075103256224054,-58.91480741306958,52.74494857219873,42.3170402757278,7813.618417886298
23.325000047683716,.,524.5343347217066,5645.223295266136,1232.9720939098675,0.21246780263745993,0.12209640526745145,0.13666490672434542,11,11,False,-28.048920376999106,-105.78289083301524,82.14726964614492,65.0258057919936,7800.399786596633
23.447999954223633,.,522.5263862766029,5638.409872746281,1237.1031234104105,0.22210321373530664,0.11488132839846563,0.15483448360055072,11,11,False,-18.87356518118206,-77.25490912118772,80.36209542693648,47.39831546442451,7790.718618583636
23.57200002670288,.,522.1178595785259,5634.753602980064,1236.3046637530078,0.2082683212766548,0.10473862856166034,0.15526111334068984,11,11,False,-16.458596642776993,-55.847735176947836,33.860903368631654,34.48046870600095,7783.761515003459
23.69600009918213,.,519.9467791657329,5639.081108602287,1235.7642752767206,0.15612321653992314,0.0928545389579545,0.12802512893487514,11,11,False,-3.294568220074181,-29.486029266865977,-6.439187021735582,17.44852653356997,7780.068160648029
23.819000005722046,.,503.6533087524629,5654.63562094523,1238.8619329598223,0.11145639486568928,0.08398310672846256,0.1339141055867973,11,11,False,-17.508702772382193,34.89921848994921,-4.357969035685028,22.965871145742398,7784.228654743855
23.942000150680542,.,472.257880652881,5678.114444622215,1233.5529029245567,0.054473505393697566,0.04788020333405304,0.08302404514559189,11,11,False,-131.3991307867245,125.43978353497289,24.981143777870994,107.48820202839246,7798.705885272671
24.06599998474121,.,446.830425204769,5709.845957984572,1226.255559343031,0.02395456429236077,-0.001501414311450947,-0.022073608523384976,11,11,False,-257.3391159372547,192.44903140411668,-43.516562074774264,187.63847803387856,7820.110816766986
24.19000005722046,.,438.3029850281028,5731.798804218843,1238.7126849161457,0.049863518835537864,0.026937856146714234,-0.1828375736094749,11,11,False,-205.06039899755973,255.89964375945698,-58.84962376607128,190.51413663257242,7850.267427877268
24.312999963760376,.,441.2933531649799,5749.436205876247,1262.997245011114,0.05996598071978638,0.0693512138300483,-0.3231086240374444,11,11,False,-68.76963864753657,177.03897905337445,100.46063138551258,113.79594404268987,7871.692883708476
24.436000108718872,.,450.5256669130678,5769.0849758413415,1285.198888932704,0.11597486595752675,0.1255747500331764,-0.40221785178840846,11,11,False,24.311954545320432,143.3936183657238,197.43559794565633,89.27000959720041,7889.493509547881
24.55900001525879,.,464.74556810810464,5783.213402833783,1293.477987248618,0.1346998216012099,0.13106296635722256,-0.4663176951924033,11,11,False,75.05937290726902,159.7459090127444,180.50095736945224,108.80855081735832,7909.739409988912
24.682000160217285,.,483.4824013015044,5784.013453037724,1286.2608536234916,0.09712085641081349,0.0772143416548892,-0.5255546204679178,11,11,False,114.67677600342185,113.93907983400351,66.76701125151034,98.07018250705814,7924.555565746934
24.805000066757202,.,498.2484240634024,5778.179027083204,1276.3607063767138,0.06703767229381499,0.03310793002155966,-0.5817525391822252,11,11,False,152.3317976553779,6.504465537096183,-58.675813980233784,90.40433919971744,7926.519840892825
24.92900013923645,.,506.30253210200857,5761.183900375376,1272.7639130946964,0.041185266497221915,0.022486471550367895,-0.6222636615990192,11,11,False,121.0329942727154,-47.82317178597805,-81.14876187989005,76.62600559963582,7921.6482886962995
25.05299997329712,.,511.96197485289434,5730.152841822057,1276.1458952940754,-0.0003664360700917658,0.041974275400944165,-0.6233409922021658,11,11,False,64.95244621694918,-137.0573933388048,-29.006380481102983,89.96282317891276,7905.172752594677
25.177000045776367,.,513.1066120596133,5714.294967341266,1279.246926501227,-0.007782124949001305,0.05601932043729233,-0.6174942767072168,11,11,False,45.64072842320739,-250.25080709492255,27.274086493731847,152.45966021869694,7874.574538663361
25.301000118255615,.,518.92325716745,5627.729691839287,1291.2891250786415,-0.035911048308572176,0.09068461904392781,-0.5578210613283202,11,11,False,9.230939819898435,-127.88600977184817,25.008301569102994,76.89619044750259,7858.8403199179775
25.424999952316284,.,524.9927090762742,5564.448382225749,1303.9224608700306,-0.0050440440436527265,0.08158375640805081,-0.5212578723052024,11,11,False,46.90840087057257,-698.1066524494672,97.11444789219559,426.2799649628555,7772.881670394372
25.54800009727478,.,533.2497813484315,5494.002210914752,1319.7619760459197,0.04269577991447617,0.07727180177547895,-0.5270446341565318,11,11,False,48.170280953730085,-502.23290488096114,100.2646274483641,308.7961269682672,7710.151903449283
25.671000003814697,.,535.2154329450361,5425.1735974553185,1333.9863971382265,0.09287971229982245,0.07502882241750133,-0.5407646664367283,11,11,False,68.24023766854012,-582.1995151127738,130.90502838419746,362.3753796324881,7640.439339277132
25.795000076293945,.,528.2542911895396,5342.6537533331975,1343.0593466986834,0.11552021829312696,0.06412720862901601,-0.5479426129171238,11,11,False,15.980919432379567,-559.5826484396295,115.64578780952611,346.7534411923694,7571.961419226338
25.920000076293945,.,507.4765595339095,5245.355933869172,1340.0255774713257,0.16632400417396137,0.07443198774890786,-0.5356918700241966,11,11,False,-56.13820715033479,-665.4822249070138,73.16890530023915,412.00761392212553,7489.157136428908
26.042999982833862,.,471.1664120558199,5125.3005196936465,1329.9825184238266,0.17484168274349632,0.10840139039901225,-0.5190162886005487,11,11,False,-166.22185324504062,-778.3825557122036,-24.270153818861218,482.9230087449211,7390.629083848135
26.16700005531311,.,433.97433565695445,4995.18726496105,1319.0476646721759,0.12786573501769039,0.11752334330244964,-0.5184373809832588,11,11,False,-295.20467534913075,-976.0610194981259,-81.65094860653302,611.0527978357234,7268.331894978397
26.29100012779236,.,402.7959167130477,4865.046295737801,1325.1875250711232,0.0810360149567786,0.10677131396207179,-0.5219102121166397,11,11,False,-297.5366111909234,-1040.9060378607755,-87.47883001320588,645.8209514022045,7136.128071015617
26.414999961853027,.,396.97334268998014,4719.725952080452,1334.6500255589297,0.12554769257819903,0.09864651494454889,-0.5302147817106462,11,11,False,-253.48278210913725,-1058.0554134075344,49.91750539008812,664.9408688014689,7004.3681073786465
26.538000106811523,.,376.0918278229154,4590.38347119043,1351.9288716074157,0.0958700915933527,0.12992435769635566,-0.5116086550856986,11,11,False,-46.95630495939822,-1171.9398236149984,76.3105899252797,722.0387192880277,6858.959476842099
26.661999940872192,.,369.8697781764045,4441.289361738111,1358.597658299108,0.05695410812955201,0.14394816676527064,-0.4982255807952821,11,11,False,-169.7682134773972,-1051.5636459913585,140.47825760137437,666.1229422184862,6728.596508684363
26.78600001335144,.,356.4265967509121,4297.239279365757,1366.4476556807942,-0.001425119090738221,0.11398077481406131,-0.4738315671278153,11,11,False,-49.776397172086945,-1192.7528756185493,53.350293533538206,737.687012585004,6579.406107911981
26.91000008583069,.,333.63702693631404,4148.994584322415,1374.031105194216,0.016391273778735053,0.09860141530493352,-0.46869728650355647,11,11,False,-107.5454514039393,-1152.4006589788332,62.79997905349046,718.0213207126559,6434.828675590932
27.032999992370605,.,306.2769168364846,3970.5982103948913,1358.1250366908378,0.06895874766703113,0.09698078301129415,-0.5276305979347318,11,11,False,-186.7997847033894,-1215.1206601441665,62.159432930972024,764.3799873774226,6285.545843594143
27.157999992370605,.,273.6177771466269,3781.9274135130095,1333.079902628164,0.033560637047646384,0.09233092829512467,-0.5310839347919891,11,11,False,-222.44008852925685,-1450.378125853526,-129.31772836929994,880.4943840029486,6105.927433063127
27.282000064849854,.,263.8166953359779,3587.7435361009007,1321.4469295129647,-0.018939190854451275,0.047281039051307504,-0.5299528851509071,11,11,False,-261.27311751886145,-1509.366375055055,-200.36107250138957,901.4839893835849,5915.860264079051
27.40499997138977,.,231.6085117088166,3412.0355069177717,1341.9509395454959,-0.021781632459478006,0.03813837887895369,-0.5173798063197943,11,11,False,-78.40865448519207,-1553.4710192968705,-93.06378492159456,927.7924569098606,5721.42342994605
27.52900004386902,.,222.93982360630727,3229.0088936716465,1355.587507442569,-0.0030856594424486226,0.09757234849216223,-0.45924767189052423,11,11,False,-261.85484283802515,-1428.5188789201675,166.69907209824675,909.2872007612704,5544.45014778599
27.65400004386902,.,216.33012592417472,3069.4285616927523,1365.753054808736,0.025119893935842793,0.08450133902469105,-0.4181961638828508,11,11,False,-70.47719259604546,-1488.0223765595124,110.86648990784076,928.206314015515,5361.227937093011
27.776999950408936,.,203.40364215583355,2901.767159356764,1376.571845605584,0.05811059218494882,0.041866377140383604,-0.3970966757866969,11,11,False,-52.044825338731115,-1256.5371223844922,80.04362114396434,782.165880638347,5201.442708846008
27.901000022888184,.,187.00609511924412,2716.9659351371674,1371.1139540050642,0.0941829481423271,0.061364647037575264,-0.3841353978494427,11,11,False,-106.83060939782162,-1385.633564783838,89.41163231144867,868.4863943907784,5033.406965515901
28.0239999294281,.,158.52397349348897,2527.8429299587,1357.178306394725,0.016579920996105037,0.08371993983878878,-0.407582797483368,11,11,False,-132.23820525857863,-1490.3315822700322,-44.01522911555731,913.7881579033078,4848.096483924146
28.147000074386597,.,137.8207236527349,2338.336640437758,1352.731835379134,-0.06388343319135421,0.07151433886034526,-0.340571635778272,11,11,False,-231.56214038676438,-1537.5865762718406,-113.29803413969796,935.1141459078298,4658.004065608852
28.271000146865845,.,135.97516087164541,2144.5844103730933,1347.8420706880613,-0.07955949188385751,0.04978638863838389,-0.323157121253574,11,11,False,-168.3189060284438,-1540.6997250685126,-36.1501282546566,942.3182990032374,4467.854401513272
28.39400005340576,.,148.17516647868473,1971.5084984860423,1346.533080810459,-0.041590341844024395,0.06451234676377995,-0.28929984676161336,11,11,False,-14.764502248715871,-1550.0178405173174,-39.118117528581934,940.552307664487,4274.1373578201055
28.51699995994568,.,162.7991940946647,1804.5561344906778,1349.2082929513679,-0.05599042654797886,0.08173380614709932,-0.3160612913415099,11,11,False,100.00006315675522,-1418.6552594395316,-10.729427071431003,866.5141577542961,4101.672451581676
28.641000032424927,.,167.47594759627216,1633.2186653568383,1353.762462251934,0.0012634916244333022,0.0634904849297874,-0.37616749635755414,11,11,False,118.89462380391365,-1357.337324001817,21.749708728767324,835.2156421732885,3935.457940531656
28.765000104904175,.,173.9836753287696,1446.8614044450767,1347.0674110237653,-0.006175341332724014,0.10026844804713596,-0.4112272955854571,11,11,False,37.71573199999653,-1381.7529756888937,36.727150311370444,850.5612522350935,3764.49366790456
28.888000011444092,.,170.81043451938393,1250.0527357476112,1336.810310543942,-0.0718340766003041,0.14165301769466368,-0.4281403457813941,11,11,False,52.481644586026675,-1502.8802579365372,-53.992317055211146,910.0557856735894,3578.655040478615
29.011000156402588,.,159.55646983058182,1060.293266259419,1341.4850215398963,-0.10814494112690773,0.09898419284469463,-0.3819960415649708,11,11,False,-25.798725370216985,-1600.0716930105586,-83.39112417532262,960.7396041537462,3382.0190373597065
29.134999990463257,.,148.99346386586026,850.075352960786,1350.5235343601157,-0.09047753686304671,0.06933722426798548,-0.350652775660815,11,11,False,-90.75772669959942,-1530.317407838204,37.69926018984031,939.8636202323912,3191.940455705489
29.259000062942505,.,142.78516620475483,632.3178715886032,1354.6018015142556,-0.03925747847580964,0.09886340602827637,-0.29223066073014126,11,11,False,-85.87816252765653,-1709.0900246368176,73.48389990268984,1058.1961104383427,2981.445444429978
29.383000135421753,.,123.91753153105927,427.2768793042476,1356.3849171638406,-0.012269424273408597,0.04265599326430255,-0.243315769491189,11,11,False,-50.066887357218434,-1756.1076942807867,32.88923201897652,1080.693720362696,2763.6613836021693
29.50600004196167,.,97.10305268852375,238.0607746835713,1360.1627537128104,-0.029934056535943894,0.0010988806566741747,-0.210384902286648,11,11,False,-150.9410773895645,-1640.327938274845,14.264925196679542,1010.845815068311,2557.9067181862706
29.628999948501587,.,71.56311797918524,45.58721505139821,1359.0736090438147,-0.014743751621346043,0.027867694094115103,-0.20362701244197767,11,11,False,-218.004058676528,-1538.343482881186,30.71414162208187,957.0825517334017,2367.605242814441
29.752000093460083,.,41.94465972137456,-142.81314642493373,1356.563467898108,-0.05276409106740151,0.07850523456360006,-0.20028064450797448,11,11,False,-209.34376312742177,-1577.6523994478503,-8.927416854920871,973.8195551970472,2174.264970946335
29.875999927520752,.,8.508856789044948,-357.7986846372111,1359.8974816578602,-0.10643886521224405,0.07202429104694229,-0.15355092503241885,11,11,False,-240.8001898518479,-1531.7084507494185,-20.40762754022532,946.2687178389898,1985.0005470862836
29.999000072479248,.,-20.551050857805993,-575.0490015182439,1373.9627800776252,-0.08054729308618074,0.0805935471078024,-0.11969951018751825,11,11,False,-267.4864234586369,-1719.8843056982191,26.672110078017795,1071.3914976652645,1769.4767863882903
30.123000144958496,.,-30.754652574238257,-789.5353400890685,1377.080390513194,-0.06531118668801439,0.12185786280960345,-0.0727458549685072,11,11,False,-238.19600528198373,-1780.7406085447346,115.28935113632652,1126.5233563131894,1552.2164214555762
30.246999979019165,.,-38.30762073733632,-987.5237112573598,1377.1067226031923,-0.10136997879685689,0.10970334740361212,-0.06355549755227892,11,11,False,-82.28706251877297,-1729.7275258183404,25.142004945929326,1071.3347916607531,1337.8630877715464
30.37000012397766,.,-56.497072929145226,-1176.4689827810662,1390.7164992072167,-0.059943962060259814,0.07330230953711526,-0.06330246631155821,11,11,False,-60.911115085869,-1596.6825493606884,0.21235584868116752,984.6270884005572,1140.019969617969
34.509000062942505,.,-235.9884819123856,-3159.2576666081077,579.2563400013214,-1.0132209270860204,-0.23398049153629888,2.1297431308087313,11,11,True,-145.51561753447123,-1511.5621721896514,108.87821283219455,956.0304799040056,951.8877315538408
34.63199996948242,.,-241.85871610352783,-3165.156687306765,566.8110318216942,-0.954978251603705,-0.20428776487368228,2.071352123615247,11,11,True,-43.38685166595864,-479.281760600463,-196.14700090514475,197.8654316316417,1051.4681982268535
34.75500011444092,.,-258.6851380967559,-3142.082510329242,512.0283195453759,2.908630596652745,-1.2651280722381208,1.5806921321477867,11,11,True,-47.72551749246388,-47.95955431675791,-101.18144419555591,28.17200487259132,1058.5309158323007
34.878000020980835,.,-257.29213956545243,-3169.5277893192397,524.1060999385335,-0.8932777401064276,-0.4379716723498729,1.914058850432777,11,11,True,-136.8000175845794,187.5947136916715,-445.38737978563864,85.5967288859252,1040.0349423002315
35.00200009346008,.,-271.34757870696706,-3172.8654742607227,543.9434693565934,-0.7982856442456193,-0.4288192617060125,1.8514706190182972,11,11,True,11.32519991672846,-223.13251905676108,98.19341114082876,94.45699411579932,1066.3668726388757
