0.0,.,-18.32918289881375,-2126.18444603607,29.772729805506323,0.0029331500974101245,-0.0005767790882972808,1.5738385808534456,14,14,False,,,
0.127000093460083,.,-18.30983037885643,-2126.184062077324,29.77067196708668,0.0028958177558921147,-0.00034222148707488,1.5738829535302363,14,14,False,-270.39881659339994,-770.0457500035727,-1140.209212967823
0.2539999485015869,.,-18.320253694134827,-2126.167719626026,29.78485514702235,0.002766574755953264,-0.0004151908580372685,1.5738991773415272,14,14,False,3.9121864445152297,-23.459086797255107,-22.466187294149545
0.37800002098083496,.,-18.29427293058842,-2126.1485065255033,29.73790194583475,0.003087042210368442,-0.0007182756457140088,1.5739807240934043,14,14,False,4.530954898961094,-20.75213475667029,-19.3484160929227
0.503000020980835,.,-18.313192828623947,-2126.151073684095,29.754796236310895,0.002997847326427116,-0.0005299879049097656,1.5739182466641184,14,14,False,9.052405146035126,-13.723326403085258,-25.563817266209583
0.6319999694824219,.,-18.316785933657652,-2126.1237274957944,29.747689813412006,0.0028738023025568107,-0.0005043976289870231,1.5738589879743206,14,14,False,11.193571457695242,-10.260720834775329,-20.94454467506876
0.7620000839233398,.,-18.31238408096615,-2126.1751837480024,29.761653706066248,0.0028644100333989953,-0.0005517983327597208,1.5738439375887145,14,14,False,7.462677195028982,1.5945985944421754,-2.135989315299462
0.8910000324249268,.,-18.317700275195442,-2126.1384897721346,29.744416379848523,0.0029631423746248413,-0.0005989530793179977,1.5739040232098318,14,14,False,30.36525814174502,7.057790114184189,-12.573386590106947
1.0190000534057617,.,-18.32054544905049,-2126.1758825231886,29.75414710123429,0.0029644908958997547,-0.0005745997306298174,1.5738324334581166,14,14,False,20.54945905628605,16.09653610743527,-2.0955789292378104
1.1470000743865967,.,-18.333049098184606,-2126.1790450608905,29.747531747294495,0.0029733401595820933,-0.0005926553917930963,1.5738478410487722,14,14,False,13.032018180976893,9.192497095423816,1.0889843209804229
1.2769999504089355,.,-18.333294674840733,-2126.158553353454,29.734851266201527,0.0030618379965022344,-0.00046531929450732815,1.5738034073628926,14,14,False,21.028240264847515,30.40668848330396,-18.162296582761694
1.4059998989105225,.,-18.318712634442882,-2126.1677286897357,29.746447981559143,0.002922597370019316,-0.0003765383821353905,1.5738278143128106,14,14,False,76.71673682630006,41.17009650218808,-69.14988487751505
1.5299999713897705,.,-18.324135510604663,-2126.16518262352,29.7753363826559,0.0028589131817212637,-0.0004132556022418526,1.5738682461408873,14,14,False,22.988479217686436,59.06862421575654,-9.785074764560305
1.6619999408721924,.,-18.32584065453975,-2126.209400603137,29.77630898365508,0.0027792197119958554,-0.00042857365485873095,1.5738444398407638,14,14,False,27.762266838270982,53.16094460002345,-12.137231508563785
1.7899999618530273,.,-18.3217837405604,-2126.2072931441858,29.782064156579942,0.0028968215324498055,-0.0005912747698994963,1.5738243918704355,14,14,False,30.26181633092976,42.05445890081199,46.86006804682198
1.9219999313354492,.,-18.31752520933595,-2126.197623529418,29.75757603065163,0.002978187170579791,-0.0006066865135930294,1.5738946249845494,14,14,False,36.335259844255646,45.0864264617864,35.184003354519554
2.050999879837036,.,-18.3300544269117,-2126.178731580208,29.752398838362502,0.0028649825793815383,-0.0005250763291347566,1.5738813534889073,14,14,False,7.662894727481865,30.207793588881334,-7.294718117400413
2.188999891281128,.,-18.30912495188011,-2126.143610888106,29.759013444218546,0.00307910457444943,-0.0006307336943084273,1.5738812737581804,14,14,False,-16.658011097600802,-0.7694377102515698,-24.508313200013816
2.32099986076355,.,-18.299360348142677,-2126.154583862189,29.74943948525245,0.0028295367251317456,-0.0004742188192134462,1.5738662122767444,14,14,False,-33.06515866924765,-13.356505962550496,-16.666697009528285
2.4509999752044678,.,-18.31993687384312,-2126.1505204765926,29.767001277106196,0.0029423945840140104,-0.000521660842077336,1.5738328262923815,14,14,False,-32.651051330848524,-20.903447068638613,-16.111156960281086
2.5820000171661377,.,-18.316717025314855,-2126.1380612544663,29.751906767234047,0.0029324082109145294,-0.0005256544027343533,1.5739004640775147,14,14,False,-18.876922048873414,-18.40924314211272,-8.823981488908746
2.7070000171661377,.,-18.307988091349916,-2126.1663023379233,29.75686593601729,0.002872009475794269,-0.0005726173158693577,1.5739188214365418,14,14,False,-2.5902961125310613,-2.5883875816044943,-30.426680203928477
2.8310000896453857,.,-18.31892522697275,-2126.1984623747076,29.765084341717955,0.002981272137276751,-0.0005924377411862463,1.5738908752457343,14,14,False,10.860064152761652,8.709131462564983,-44.42064504591508
2.9609999656677246,.,-18.307518864461468,-2126.1955162452045,29.75713905504888,0.0029704023926287607,-0.0006351262162670766,1.5738899524214687,14,14,False,20.285486780960674,-14.24099009650202,-0.3276513988495592
3.0889999866485596,.,-18.31959834066649,-2126.1809073555646,29.751808832003466,0.0032005640549778464,-0.000656419159235273,1.5738924292611782,14,14,False,21.509111714413077,-25.79017429455664,27.98933038733953
3.2269999980926514,.,-18.31420542990789,-2126.184083125175,29.758944511915985,0.002923414202206032,-0.000584998885587575,1.5738248866956521,14,14,False,11.203338284375395,-23.713467648653314,25.70573530657735
3.3550000190734863,.,-18.304297609607936,-2126.157010721992,29.75328583986674,0.003044263875733614,-0.0004882086057260175,1.5739067390674437,14,14,False,2.6472455115314193,-28.53317104737605,33.75934177761583
3.4809999465942383,.,-18.318322727818842,-2126.2156607543207,29.786823872328675,0.0028886181635272607,-0.000497327669402046,1.5738981989860987,14,14,False,-6.714831265708644,-39.32126641445148,7.728400303219157
3.614000082015991,.,-18.301254347439226,-2126.176621853253,29.767765989029424,0.002882023657439578,-0.000589424115499278,1.5739520126515647,14,14,False,-22.47579758779421,-22.60280117470012,-13.626234806864149
3.74399995803833,.,-18.30067498181639,-2126.209859591352,29.757132381467606,0.003002306011722846,-0.0005676434215849094,1.5739292792713682,14,14,False,-19.467407799632905,-10.262461456622088,-40.816728347603615
3.874000072479248,.,-18.310906604554614,-2126.2107367538047,29.761351797349477,0.0030950155257702307,-0.0005526096443993762,1.5739201674026555,14,14,False,-22.35789833287513,-14.444260184288284,-30.182625928901004
3.999000072479248,.,-18.323230694533443,-2126.212085247069,29.77748071406443,0.0029375391707183434,-0.0005018822924843523,1.5738703733103865,14,14,False,-27.86495665710482,-19.666824196336712,-6.925021565137569
4.127000093460083,.,-18.321475738266503,-2126.192407852114,29.75864936451116,0.0029772778563416018,-0.0005893355212510194,1.573825932141385,14,14,False,-5.182758104733929,-12.955321731788596,8.324926802514138
4.256999969482422,.,-18.3134436830991,-2126.213772421809,29.77908917317373,0.003100751144777781,-0.0005451912428408719,1.5738609194603081,14,14,False,3.6182970546943296,-3.137279833318875,14.791192582591107
4.384999990463257,.,-18.300127691746113,-2126.1847603537476,29.74383199496032,0.0030735853169613875,-0.0005810100355998938,1.5739434809614552,14,14,False,10.486272612334734,5.861813599560666,18.545895689230015
4.513000011444092,.,-18.315996202632164,-2126.202821828884,29.77551245257544,0.002953452131464916,-0.0004856156304461511,1.573865817665992,14,14,False,19.24453403853346,17.446326070982245,13.722902645390173
4.638999938964844,.,-18.32005727228034,-2126.1564917124224,29.757911529151638,0.0030405512877517437,-0.00056909655612061,1.5739186490539787,14,14,False,25.608580129515882,25.783868824724177,7.7255260684046165
4.763000011444092,.,-18.314031025134394,-2126.1424184913876,29.752026227581013,0.0028155218004132375,-0.0003924743487770228,1.5738595098742298,14,14,False,21.859678166001167,19.588792031903452,10.664857600972741
4.888000011444092,.,-18.31347555651156,-2126.172643956465,29.762821244579563,0.0029377525631863696,-0.0004930795796679539,1.573826716935437,14,14,False,22.388137200307064,15.535202928673419,3.8225457002420855
5.025000095367432,.,-18.296532387301294,-2126.163729312537,29.744871457302832,0.003020490467304902,-0.0005551872667378236,1.5738762474499024,14,14,False,22.88241223309842,19.358834360638866,-8.262126937530411
5.151000022888184,.,-18.31243517157857,-2126.1714856662275,29.771722007239017,0.0029019138539014334,-0.0004418434411600633,1.5738938417667718,14,14,False,17.760011671833446,11.420743771421893,-4.985831215684428
5.2769999504089355,.,-18.31167740975538,-2126.216528495028,29.752745085658887,0.0029985726004847497,-0.000521280471757287,1.5738165762061982,14,14,False,11.15943024955947,9.622324246661064,-3.556217954566785
5.408999919891357,.,-18.314979692238527,-2126.182191638976,29.759838882339448,0.0029210989481153263,-0.0005110383408849601,1.5739339179283371,14,14,False,8.599999011648606,13.233496649365406,-10.494606147907689
5.5329999923706055,.,-18.30962388620759,-2126.2011962948486,29.740750419914285,0.0030597083995719475,-0.000574222961112877,1.5738887291303465,14,14,False,3.775685535484646,5.706368542784118,-3.1518497849769567
5.6570000648498535,.,-18.313262799543846,-2126.169668916463,29.745727801059864,0.003073092304557524,-0.000508581103491517,1.573892382554442,14,14,False,-2.785301929748357,3.3967033347144024,-6.089574000296125
5.7809998989105225,.,-18.321798509778976,-2126.1433134803806,29.750880940107166,0.002941923864434787,-0.0003738464645933754,1.573852019362155,14,14,False,-4.929680565353003,7.235432767119374,1.2701499258268016
5.9049999713897705,.,-18.3164515331397,-2126.162330765128,29.758603116436234,0.0029383055211606723,-0.0006110458300280267,1.5739237323402895,14,14,False,0.6732264523114742,7.74928347450004,2.1406559109974546
6.0329999923706055,.,-18.32284851324548,-2126.1817987949694,29.756267326185455,0.0030605812274034864,-0.0005449276581975979,1.5738674093305132,14,14,False,3.0275551158943017,4.409748510566715,5.879288445019483
6.158999919891357,.,-18.32370257549205,-2126.199784215962,29.7545913538084,0.0030560859035121076,-0.0006142270553872906,1.5738683515045573,14,14,False,6.445842651754335,5.126764653373231,4.208895395636022
6.283999919891357,.,-18.315186249566704,-2126.188833121539,29.768258345865963,0.002824902548956681,-0.0005114713148909204,1.5738417943527878,14,14,False,2.443423711671737,7.949500536985499,11.651027435056218
6.414000034332275,.,-18.328995023226316,-2126.1797904639748,29.767832199971274,0.002930484496186367,-0.0006507842238794596,1.5739279763964653,14,14,False,-1.9976898298218653,10.061649390036049,10.74574144437906
6.539000034332275,.,-18.31664689331853,-2126.1852965625426,29.747505442424192,0.002875755171400773,-0.0004867797601302556,1.573921563687839,14,14,False,14.308155934804006,11.361323599648673,-37.79053864274032
6.667999982833862,.,-18.326711409116726,-2126.1512083221637,29.76593472132398,0.0029078367674203933,-0.0005668948625175045,1.5738805595644998,14,14,False,21.103999479474403,27.707935001011904,-29.490631050956186
6.79200005531311,.,-18.328238989201807,-2126.1571700592594,29.74533926850073,0.0028904041806585897,-0.0005698315005299733,1.5739011457242187,14,14,False,43.12741399242662,27.164244335849883,-12.127898122086451
6.91700005531311,.,-18.32695348860969,-2126.1890187034264,29.772859477675027,0.0029412601214851342,-0.0005065306513605001,1.5738342124239937,14,14,False,26.256822891980587,31.140328064632,-32.63525411836385
7.040999889373779,.,-18.334831691828583,-2126.209190322103,29.769434550028965,0.0029006246251386853,-0.0005941465338802981,1.5738228175555093,14,14,False,13.946890616418386,-1.659790036494087,-23.530975413086708
7.16700005531311,.,-18.318626344581318,-2126.1543364868003,29.748725307880054,0.0029922034756633843,-0.0006146124428375956,1.5738405729174643,14,14,False,-2.0783618929116163,-22.962749095164163,-8.854985312846285
7.29800009727478,.,-18.32960376286269,-2126.1856118674864,29.756902311563746,0.003157924329010138,-0.0006937219149350484,1.5738346174879794,14,14,False,-20.232161478020213,-16.303510836499377,5.039787322374654
7.428999900817871,.,-18.30649758568602,-2126.1855248427382,29.763503238188314,0.0029492923252514274,-0.00046788184249646486,1.5738387116381023,14,14,False,-0.21696065053233504,11.455068985282388,24.289166236656484
7.558000087738037,.,-18.304671464280176,-2126.1901423262934,29.771449736021506,0.0029518277384447075,-0.000541907851092118,1.5739154963925783,14,14,False,25.162326520559212,69.94137100343418,-52.686396365273815
7.684999942779541,.,-18.311436293409997,-2126.1633062807246,29.754204301162822,0.0030947905227405427,-0.0005985721199751188,1.5739258649909882,14,14,False,43.8062435696723,74.96638369360713,-50.92369589447871
7.809999942779541,.,-18.312862670140568,-2126.152696903409,29.749323492274183,0.003041413749341571,-0.0004404616129805298,1.5738547674907393,14,14,False,58.897623767696594,95.27266818145834,8.589676152865891
7.934999942779541,.,-18.312226862035665,-2126.165624544038,29.762885542489464,0.002952065184640109,-0.0005569473424548915,1.5739023902071236,14,14,False,106.32076360880797,52.18112272991857,139.35106388359054
8.062000036239624,.,-18.30816236404102,-2126.1636965345183,29.758226946810822,0.00279257357544148,-0.00048674249027688915,1.573845809370528,14,14,False,108.31711056005315,35.5542523164695,151.10652168289562
8.188999891281128,.,-18.301563662395125,-2126.1846147994274,29.750484597217433,0.0028346842991094088,-0.0005934204457216271,1.5738562007668988,14,14,False,76.6640271067638,-28.413170419577117,141.8561444950052
8.315000057220459,.,-18.332145479921387,-2126.183260128696,29.75661097854562,0.002954766457453817,-0.0005972917624108724,1.5738915303357413,14,14,False,46.16678370602075,-47.754880836824604,72.51745899379996
8.443000078201294,.,-18.314069214720273,-2126.1953235167803,29.76065398954712,0.0029222528895518716,-0.0005569995662043958,1.5738910520484948,14,14,False,35.28909795610575,-30.83169973233463,30.419588720255344
8.569000005722046,.,-18.305360188720908,-2126.1658054995137,29.752596717003463,0.0028061969292159893,-0.0005135127999312135,1.5738905671574643,14,14,False,26.44502519189205,-46.48418401851448,20.757493441159216
8.693000078201294,.,-18.314250422501573,-2126.1652447847064,29.75380762073047,0.0027765468857345295,-0.00042516622049490455,1.5739106432443415,14,14,False,0.24735295453490463,-43.34791158896675,35.35894028587381
8.818000078201294,.,-18.331941900792586,-2126.211702210377,29.775232254544,0.002823617527069682,-0.0004589934367348872,1.5738177296936993,14,14,False,0.25368068921579834,-14.911883053420752,6.0401953418622725
8.943000078201294,.,-18.335690075298032,-2126.2407121944893,29.780095219485336,0.0029552901242651474,-0.0005218130246797099,1.57381406213985,14,14,False,-2.5179636328041055,14.680519101245848,-90.90407464873863
9.07200002670288,.,-18.313971817283296,-2126.220787256319,29.754935445503463,0.002979538592697206,-0.0006561884288503613,1.5739191726115844,14,14,False,-59.33832049688586,35.915037733554236,-105.99519493916586
9.198999881744385,.,-18.321892179914066,-2126.23331930333,29.77877609942334,0.002927947514471858,-0.0004659253559192651,1.573813223827996,14,14,False,-78.48806098937794,35.12591770058809,-59.06862871614165
9.322999954223633,.,-18.329860627355377,-2126.2000310675703,29.779109466936564,0.002808801336183663,-0.0005040072960122556,1.5738656646460125,14,14,False,-38.650992002026676,74.77854299034324,-15.413236218177177
9.45199990272522,.,-18.327945106829727,-2126.173975997939,29.765431929631216,0.0029018533038243106,-0.000460034968676125,1.5738453816872278,14,14,False,-13.104760705892483,2.310397189512474,65.32811003292015
9.578999996185303,.,-18.327756756812907,-2126.1804748584273,29.760452292289557,0.002990488755618199,-0.0004483148981983051,1.5738580184265245,14,14,False,13.355709543336658,-0.7094386453459307,25.449357122636428
9.703999996185303,.,-18.30911685065008,-2126.134174436962,29.746434937233364,0.0028676478507433656,-0.0005256326204230091,1.5738714290802844,14,14,False,11.108807026415327,15.61035928136432,-27.77641129606588
9.829999923706055,.,-18.318999820071856,-2126.13940263346,29.740453924614048,0.002903736346917077,-0.0005619125302193076,1.5738654477869396,14,14,False,6.50444754017235,7.5375746571226045,-51.878472088130366
9.954999923706055,.,-18.332892114671075,-2126.1767688109703,29.75479764427202,0.0029134335799578135,-0.0005971568353078611,1.5738126652992437,14,14,False,-3.6456996957419836,-0.1595122206666334,-53.043439677220334
10.085000038146973,.,-18.342957435419454,-2126.2327918347405,29.77366677515183,0.00286166894308564,-0.0005462114964461985,1.5737950852130056,14,14,False,-15.282283212833327,-9.597439562876728,-50.564135934914226
10.214999914169312,.,-18.345732289654713,-2126.2350981348873,29.784792041271086,0.002874947283095156,-0.0005127786315042088,1.5738523368582447,14,14,False,-16.035466760044017,-16.12866907537199,-29.94293244173645
10.341000080108643,.,-18.334653212672542,-2126.2397402104393,29.77982471782221,0.0027666245672079725,-0.0005524276022611827,1.5738027765727696,14,14,False,-13.331438650442454,-4.193702252101575,-37.06072009438908
10.467999935150146,.,-18.31073545158563,-2126.2008608265824,29.744839437547448,0.003063780556191366,-0.0005284402367297706,1.5739063919945286,14,14,False,-21.020092203630977,21.1427119817492,-59.03468977178152
10.595999956130981,.,-18.321883923848873,-2126.1972210406943,29.752943103526867,0.002931763155930348,-0.000508262016289416,1.5738894113352297,14,14,False,-14.411877337015799,16.959523905581907,-75.47086781239881
10.720999956130981,.,-18.340716642761283,-2126.184639451412,29.74918496317945,0.003089819957851061,-0.0004598124684656508,1.5738641173361103,14,14,False,-10.134714143857455,18.715728935305133,-22.98940462637287
10.849999904632568,.,-18.339848714455755,-2126.165990780953,29.750702179945858,0.0028951504615548334,-0.00045778585858060364,1.5737919803010065,14,14,False,-1.9640463206851564,17.20559700972808,7.787591918950056
10.974999904632568,.,-18.313788268429096,-2126.1344902577043,29.762960728147647,0.002974622043469842,-0.000590201906819564,1.5739234771664972,14,14,False,-11.81374731013631,11.490163257329518,0.3254948138075837
11.101999998092651,.,-18.321870599502347,-2126.158672277964,29.751419432424594,0.002972503361610118,-0.0006113451761893944,1.5738649037242407,14,14,False,-31.98999662244546,1.5132396803819574,-11.441979209375859
11.23199987411499,.,-18.322859082734844,-2126.1904999371413,29.77402114222704,0.0029887122588581963,-0.0006418744304507733,1.573964131577679,14,14,False,-25.794048179372812,-1.8267519065737439,-23.2607616962759
11.361999988555908,.,-18.315490881454345,-2126.1900132947244,29.773130465934837,0.0029235841257073568,-0.0005587166533895734,1.5739205660501365,14,14,False,-10.513741913104301,8.443364769870906,5.993490726485652
11.490999937057495,.,-18.33699034876569,-2126.220662633503,29.785381289372,0.0028899605078195768,-0.0004149364524173393,1.5738038916589148,14,14,False,12.45386389702181,3.3131694951593746,26.815408921658392
11.61899995803833,.,-18.349052547133418,-2126.253326626312,29.774095823036674,0.00294789677137885,-0.00046014055969728103,1.5737762767093972,14,14,False,11.588561628572098,2.524902146249539,3.2336224961375137
11.746000051498413,.,-18.342043445301496,-2126.247889516978,29.790721589163148,0.0029768094825936044,-0.0004478112361642664,1.5738628773088568,14,14,False,10.609629009602036,0.20950651848884871,-2.579163396773872
11.882999897003174,.,-18.313884367350926,-2126.2162987917764,29.782675089159863,0.002928247131863015,-0.00048806866865240154,1.5738326734894548,14,14,False,6.243058904577927,-12.66013892643032,15.325154574210552
12.009000062942505,.,-18.32492899095673,-2126.240096678979,29.799283221555257,0.0029790952808467627,-0.0005731870528636278,1.5738942107035385,14,14,False,-8.166130051478271,-22.206440424122448,23.389022475835798
12.134000062942505,.,-18.352856523622005,-2126.2352576777143,29.795597243842575,0.0029131182249403035,-0.000654954084657074,1.5738765197419449,14,14,False,-10.852927172115308,-40.3686169267132,21.337956451177455
12.260999917984009,.,-18.315702786418164,-2126.158888749612,29.757141126348433,0.002929832354138814,-0.0005135364250151861,1.5738446757819293,14,14,False,-9.896226269748695,-49.07985494519375,-20.1305045580221
12.388000011444092,.,-18.31917466221469,-2126.161727161286,29.773295538237416,0.0029874056035470095,-0.0005265903844817074,1.5738672764524206,14,14,False,-4.057599441219947,-39.465909987089866,-49.8870561317487
12.514999866485596,.,-18.302469437176697,-2126.140988421067,29.745313038610245,0.003074210703244149,-0.0006061563314820686,1.573901915029311,14,14,False,-24.715993260906114,-30.364658658666947,-35.81414773139125
12.641000032424927,.,-18.325154084528272,-2126.1546755085337,29.774337338204592,0.0030413039681790825,-0.0006353716276549126,1.573853998775449,14,14,False,-30.619034371310903,-15.284104754441055,10.460061969035115
12.772000074386597,.,-18.3119846027229,-2126.1821462099733,29.772966140380483,0.002881033785663236,-0.0005594579663464075,1.5738707141786075,14,14,False,-18.564243106308634,-2.880090732217218,5.39555737851577
12.895999908447266,.,-18.326396874982258,-2126.1751380620703,29.789633808767245,0.002833997970518526,-0.00032383743997030454,1.5738021791062355,14,14,False,-7.660146288387635,1.7592164009143771,-8.06959312233839
13.020999908447266,.,-18.318632126144212,-2126.1559549999934,29.7585064047375,0.0029392998642894783,-0.0005763415771973617,1.5739070751808817,14,14,False,6.444009504447685,7.903687931865277,5.914754086773469
13.145999908447266,.,-18.333530009821775,-2126.195534051007,29.78753253796245,0.0029072751683626614,-0.0004221201677141421,1.5737713390302852,14,14,False,16.49529495710817,21.510830707484274,13.911268914556786
13.273000001907349,.,-18.327659060985177,-2126.2349655450475,29.78718515703111,0.0030693815386883027,-0.0005996857564376315,1.5739081247509712,14,14,False,5.935257017484901,27.001039277543896,-13.181355026150413
13.401000022888184,.,-18.325646563972896,-2126.188317105244,29.763312727020782,0.0029105529278282195,-0.0003563349770946914,1.573797968457573,14,14,False,14.105142141896764,30.896327977625585,-34.92022200704424
13.529000043869019,.,-18.317535203859908,-2126.1904024090727,29.771019053261334,0.0029747548828980806,-0.0004240356175933863,1.573865417389288,14,14,False,19.258697276389807,29.34243514257582,-29.949320550670954
13.655999898910522,.,-18.30284743698191,-2126.1605793817384,29.760852644090377,0.002783976818909531,-0.0004003645378761402,1.573865907732345,14,14,False,17.475168784162236,26.627935006550526,-15.750604468708032
13.782999992370605,.,-18.32090054164435,-2126.139560805449,29.752785072886677,0.0028220227471569526,-0.0005177275563034335,1.5738049295395748,14,14,False,10.311331796759717,21.97076604772693,-4.346241981051827
13.91100001335144,.,-18.32680753692105,-2126.173717190429,29.764993762825007,0.0028186935242555337,-0.0005660437388198577,1.573823816937372,14,14,False,7.05152834947135,18.268383039007563,0.85086767453003
14.035000085830688,.,-18.342583397596396,-2126.1972383922716,29.784400620575617,0.00283744920210601,-0.0007024115755489396,1.573957128445428,14,14,False,11.11421983787634,1.4901267424090388,-4.13345144718146
14.158999919891357,.,-18.32618625826921,-2126.1695016118056,29.75403845776991,0.0028613655413584262,-0.0005876528492522805,1.5738391938903487,14,14,False,0.4746264452866823,-8.01865972204786,-11.883514733643784
14.287999868392944,.,-18.33979318595995,-2126.204809082467,29.760920993103294,0.002907459168021546,-0.0005226421038308711,1.57377401787858,14,14,False,0.9825308566059903,9.990855564421508,-35.8868387363691
14.424999952316284,.,-18.326820825399174,-2126.168744677411,29.745360883843503,0.003023365060988935,-0.0006262621787137838,1.5738755252325076,14,14,False,-4.591940404602217,15.841519533882423,-27.034281569452528
14.550999879837036,.,-18.318231853786973,-2126.154274401967,29.739283756419347,0.002892877265920285,-0.0005363480337915537,1.5738176729883016,14,14,False,4.19836385595922,17.219304017610337,-1.801702657033736
14.678999900817871,.,-18.32876144003047,-2126.154407034659,29.77245129240225,0.0029924507278299827,-0.0004661442524324605,1.5738986350635482,14,14,False,13.996134891983047,15.751154702818894,6.41893991419056
14.806999921798706,.,-18.338759430124973,-2126.1633984332793,29.761833592644525,0.0028831879851897706,-0.0005653471391301887,1.5738195075526162,14,14,False,11.673349550627915,13.856758704954695,7.517753877503805
14.934999942779541,.,-18.342249240093466,-2126.145754733571,29.74426547819985,0.0030234935355735212,-0.0004929895553148011,1.573811201811,14,14,False,14.48796975906078,7.251973940242284,-24.741658928006366
15.065000057220459,.,-18.34590579253394,-2126.1747477430454,29.738065113319873,0.003057959505187356,-0.00046138707421978907,1.5738250296758132,14,14,False,29.022874540921016,-20.04975357743778,-142.3748090727556
15.190000057220459,.,-18.34122630879387,-2126.1556189706444,29.740858306073786,0.0029354589016758297,-0.0004383607225783712,1.573782507890719,14,14,False,-38.31591222255339,-73.57250343987995,10.055260647861388
15.355999946594238,.,-18.336289864383204,-2126.187423423571,29.769835995072356,0.0028711972924789146,-0.0005778713497353529,1.5738599945814158,14,14,False,-5.0660508327739535,32.21892090835172,-73.55961195310556
15.483000040054321,.,-18.336018520413948,-2126.1654839065277,29.760692932774713,0.0028912401293274426,-0.00040455936557583845,1.5737884214141429,14,14,False,1.7917362879099716,-71.25085856157624,-52.34843228033529
15.611000061035156,.,-18.335863857464048,-2126.1772224719807,29.74594647434074,0.003135241557228212,-0.0005612744420369589,1.5738500026778441,14,14,False,-2.9291259054546797,-50.31024355373375,-39.27370903188236
15.740999937057495,.,-18.330468279695708,-2126.1863044384922,29.763706647907103,0.0029777403994273957,-0.0004975305766448838,1.573841322192643,14,14,False,1.2252912217378849,-40.31349252876214,20.932310395005143
15.872999906539917,.,-18.319855994461886,-2126.1746492467364,29.77352203300213,0.002902641735883941,-0.0005635671906126824,1.57386041086528,14,14,False,-0.6974527810462341,-34.15963190649126,75.67844758244108
15.996000051498413,.,-18.317355497085604,-2126.1753962243943,29.77494867082937,0.002854936676499383,-0.0005239289440941369,1.5738254159031495,14,14,False,7.437294518051508,-19.220892759940327,96.34106984680626
16.122999906539917,.,-18.320390867695053,-2126.191089563246,29.75534871507823,0.0029267438455397752,-0.0004600768247887844,1.573813227179018,14,14,False,14.03644659092778,10.452351050357482,120.14104076910121
16.246999979019165,.,-18.31985338201053,-2126.173641340872,29.77281747500951,0.002977013687624793,-0.0005126429836039221,1.5738664204995922,14,14,False,20.337789268142128,35.25666420388617,111.46660462505825
16.374000072479248,.,-18.32132170454136,-2126.1768357353208,29.785515773537533,0.0029329148557961236,-0.0005276254749295238,1.5738629911189417,14,14,False,18.88939583647084,46.434936237856164,82.92193177475019
16.503999948501587,.,-18.29896190618089,-2126.159211726066,29.75309188032108,0.0030383298217314253,-0.000637057666648986,1.5738703285511297,14,14,False,14.500242716741333,69.18665956902461,8.915858639969667
16.63599991798401,.,-18.315139634309322,-2126.182835135693,29.773583463213708,0.0030740325101637433,-0.0005418461240063837,1.57388929405956,14,14,False,22.466249142244255,80.45797474839397,-2.4673860530479206
16.76099991798401,.,-18.344409710942248,-2126.1775574874346,29.76414113362086,0.0029569540777555203,-0.0005144741902334271,1.573844723372565,14,14,False,43.47681521333478,65.1101989904153,2.60332631296055
16.889999866485596,.,-18.3450160702412,-2126.2221379832604,29.767409905479287,0.003057656230150548,-0.0005529309149997693,1.5738551601159834,14,14,False,39.923916327816485,74.19248939654179,-70.58775036139058
17.016000032424927,.,-18.33333590070974,-2126.1594256509425,29.760412644310684,0.0030806872146753182,-0.0004668908040160624,1.573820392322997,14,14,False,22.24698543602119,61.4367694352737,-113.96424018120649
17.1489999294281,.,-18.319721189437153,-2126.2061637384736,29.76684329282345,0.003090141372324577,-0.0006238555407552372,1.5738511382998581,14,14,False,20.91301180039169,15.3116375037283,-120.1984873223187
17.27300000190735,.,-18.293027370694467,-2126.194355080779,29.7949812405525,0.002840929023630748,-0.0005629633272740051,1.5739516924360348,14,14,False,10.804761329138396,-32.18725100303196,-147.51761673423908
17.41000008583069,.,-18.308512914190096,-2126.213580275548,29.78247450423496,0.0029832574969661475,-0.0005909340737571166,1.5739068959741784,14,14,False,-11.07009147565941,-50.90333514403217,-108.04240764308003
17.53600001335144,.,-18.312910962742745,-2126.173998620878,29.749862631603417,0.0030243314383163614,-0.0004830624055106447,1.573868140381153,14,14,False,4.269472082415174,-71.86643662416269,-125.30793476640876
17.664999961853027,.,-18.33477820261206,-2126.2145846738076,29.74828225118752,0.003075133072741629,-0.0004883937538401307,1.5738543735875201,14,14,False,44.80820669246077,-103.3376521944956,-71.88295058945914
17.795000076293945,.,-18.3311112604739,-2126.181641856459,29.76849811043781,0.002882670934873632,-0.0004545848804166745,1.5738474096546626,14,14,False,54.87787995755995,-149.74141085826153,-40.820845960234266
17.918999910354614,.,-18.32683016928632,-2126.1972192439234,29.792829620609186,0.0029110577118600807,-0.0005563605512908529,1.5738688999451833,14,14,False,30.463882727625244,-77.72869451858374,-4.574151136929325
18.04800009727478,.,-18.304129747992985,-2126.1770283634964,29.720712266349175,0.002863672202325464,-0.0005844472631556047,1.5738861834371598,14,14,False,39.91760419297693,-382.67795379485847,-55.06738429176027
18.174000024795532,.,-18.313200832226144,-2126.1702652575245,29.789823349044326,0.0029765866153733107,-0.0004830702766326906,1.5738093361815533,14,14,False,-57.37244384409714,-273.8323997804488,-8.963278038228813
18.302000045776367,.,-18.3321017788288,-2126.2326301586527,29.77827153423694,0.0028815902927600942,-0.0004560339011827313,1.5738356686749704,14,14,False,-114.70005523662067,-271.9585466931487,-4.4965933198921
18.42899990081787,.,-18.326432436505876,-2126.202222876834,29.780609770500526,0.002865859656129917,-0.0004680158688010264,1.5738091083010572,14,14,False,-105.7195845213267,-309.2264662312522,-35.80313191334947
18.56599998474121,.,-18.318365946442253,-2126.162074217244,29.79552174154026,0.0030814470102578273,-0.00051928563915727,1.5738391530635276,14,14,False,-32.83591420347408,-431.51736172724634,15.60314460667928
18.694000005722046,.,-18.312434844418206,-2126.217432645797,29.762414488500703,0.002759309862404763,-0.0005734504430481728,1.5738107370440506,14,14,False,-86.14175619360283,-312.9296473085177,104.39073235588057
18.822999954223633,.,-18.32330467628508,-2126.201551863642,29.806662889784352,0.0029239261356893585,-0.000525044915676767,1.5738679126084023,14,14,False,35.65601710596206,-315.29976992622494,61.325698057113364
18.954999923706055,.,-18.327026715491428,-2126.1918709452416,29.772411640047135,0.0030045135438920936,-0.000489457751882013,1.573857158497342,14,14,False,-150.4944852164731,-83.67752235284775,146.6174131260234
19.08899998664856,.,-18.32340851060746,-2126.172231261811,29.75703855720215,0.003082810272540259,-0.0006085359554877057,1.5738654442151423,14,14,False,116.93671409372304,-93.89291844168743,-182.67577764790227
19.217999935150146,.,-18.323095957189068,-2126.1761215815286,29.757370906096547,0.002999524453418877,-0.0005816772629445031,1.5738678978549998,14,14,False,39.85559504985984,23.353851643496792,1.2783910371435476
19.3510000705719,.,-18.31759003385948,-2126.1625801244013,29.752472103279697,0.00294100807172938,-0.00040878962972243365,1.573846660150332,14,14,False,-75.24656074604573,221.93404031480532,175.5062241201452
19.48199987411499,.,-18.30894300740401,-2126.1777080659112,29.771850048259843,0.0030564705571985676,-0.0005681085778010599,1.5739004059098776,14,14,False,9.400171070654634,201.13897081024527,105.62732509716173
19.609999895095825,.,-18.30503311659457,-2126.1526928972735,29.763237398963433,0.003061288851123759,-0.0004250092394833661,1.5738781930019663,14,14,False,29.560812400208956,281.9757961851223,92.73416325569777
19.73900008201599,.,-18.308332919844727,-2126.1477946343143,29.751720766826278,0.0029586901892340897,-0.00048575339886964327,1.5738514877727743,14,14,False,102.91215217508645,301.4371332155267,22.028080409982834
19.874000072479248,.,-18.318869609082096,-2126.1696843019427,29.772798810736422,0.0029382589491545653,-0.00035312192562293715,1.5738326003922687,14,14,False,174.8820877599996,337.81600949171786,-39.710691074463234
20.04099988937378,.,-18.319627453302974,-2126.217452251886,29.765684345879293,0.0029371133913202864,-0.000414182553351055,1.5738026048528706,14,14,False,190.68864029974296,275.6057621231599,-26.734192719527215
20.175999879837036,.,-18.314265323761617,-2126.2087860457063,29.774153764039195,0.0028977615631411383,-0.0004728747396778767,1.5738305670745794,14,14,False,151.04368098997006,171.82669433970574,10.261430074435404
20.30399990081787,.,-18.316067101281178,-2126.232702309042,29.783505689041572,0.003143175223356484,-0.0005497163131241929,1.5738711541854196,14,14,False,59.22962164975269,86.47874076957373,35.328206323922956
20.42899990081787,.,-18.319871323958846,-2126.2037767622223,29.786876958713034,0.0029597588828293195,-0.00046545592386207927,1.5738341704400702,14,14,False,-11.051125301692474,44.95931442014951,46.32973708185511
20.555999994277954,.,-18.330110900624902,-2126.2155559583334,29.790161708239047,0.0030565255120385544,-0.0004291909041637896,1.5738145845701303,14,14,False,-57.15269474159686,14.874145517234865,28.031174013289274
20.681999921798706,.,-18.3092848961023,-2126.188520050899,29.750532831176233,0.0029840842782076177,-0.0005663443219452952,1.5738654058511745,14,14,False,-84.40487621767568,-16.53916667969489,11.874608476420448
20.81500005722046,.,-18.320600431413666,-2126.2016039863047,29.7781921867043,0.0028269812043897964,-0.0006295970440427809,1.5738982198717575,14,14,False,-116.71498618607575,-74.26612539384223,14.015351032872786
20.94000005722046,.,-18.320050224658612,-2126.200558615674,29.786737566191697,0.0029713722009673603,-0.00047477674698022783,1.5737855554813043,14,14,False,-132.15693573641792,-117.96756533972355,14.506316159547119
21.066999912261963,.,-18.313858906429715,-2126.1815447129306,29.77261230405524,0.0029271525802321056,-0.0003922914810590521,1.573775609945167,14,14,False,-123.57879755927979,-128.13931641344243,-20.815772078853115
21.19599986076355,.,-18.32427531731755,-2126.186901611719,29.763677320597605,0.0029981986671659077,-0.0005146118358484266,1.5737617191249234,14,14,False,-86.3326970548491,-99.35044199485336,-29.416265624850784
21.323999881744385,.,-18.31651735359988,-2126.180401380527,29.77918790415354,0.0029925240428039447,-0.0005048766862150682,1.573935882196313,14,14,False,-71.81573426334911,-83.71918220008604,-18.154203288780682
21.460999965667725,.,-18.323330106976265,-2126.165313060255,29.78358920819224,0.0028017135781601243,-0.0003836815782983359,1.573791402438106,14,14,False,-42.00495348847961,-50.04488110642378,12.816066640219484
21.591000080108643,.,-18.32841797579964,-2126.1926302309143,29.773316142645882,0.0028695610056792406,-0.0004991968984868921,1.573791260052362,14,14,False,-0.6014011647031278,3.600209130192191,24.854962031379372
21.717000007629395,.,-18.314645578585722,-2126.1725152712647,29.77658248599924,0.0030140837047632854,-0.000452075725563604,1.573887177910862,14,14,False,6.060519677985745,45.59431989854469,17.277253613325673
21.842000007629395,.,-18.305340531421866,-2126.1754080948836,29.759212903762236,0.0030371685092733594,-0.0004256164954979811,1.573814657689682,14,14,False,36.94882923557208,73.17920634860067,21.092221713764555
21.971999883651733,.,-18.31389198480586,-2126.1689782741155,29.762886274399317,0.0030437626675994065,-0.0006254815536351331,1.5739687431775529,14,14,False,30.516686822929106,73.56413090482349,15.723936417404346
22.098000049591064,.,-18.324404878595015,-2126.1841744855046,29.75547417854623,0.003030427014676259,-0.0005633609461059356,1.5738714809377121,14,14,False,28.197771922580067,65.62681061203743,21.739903456149538
22.223999977111816,.,-18.323473062015246,-2126.217082526733,29.77385981399896,0.0029601820818891383,-0.0005806639385108625,1.5738507986311265,14,14,False,21.792699200990548,38.10020764663369,23.80458465491849
22.34999990463257,.,-18.306055431355333,-2126.2073721326483,29.74668875714449,0.0028185526425068834,-0.00032892191780613565,1.5737344447843407,14,14,False,18.802195814753173,9.40810786231792,23.457624425502708
22.48799991607666,.,-18.316717536488767,-2126.213181504739,29.750946766050372,0.0030828783131748843,-0.0005926888791887557,1.5738333121101213,14,14,False,17.16217332969177,-11.233762965654023,16.600057236142675
22.61299991607666,.,-18.3214768365708,-2126.199206811523,29.757580565645977,0.003012818307847123,-0.0005066682795148048,1.5737451542507683,14,14,False,9.438708139689581,-27.6410132859604,25.46718301030383
22.740999937057495,.,-18.322101959168087,-2126.2026023418603,29.764246643550628,0.003116646820566453,-0.0005400189796733132,1.5738496281046697,14,14,False,-3.081955482332887,-20.395948449331627,7.835884484806229
22.868000030517578,.,-18.32695806236745,-2126.1892090591623,29.782022488193476,0.0029558653591786783,-0.00044401306271207457,1.5738896532039526,14,14,False,11.107942347140895,-19.526075869559353,2.4484147065285398
22.991999864578247,.,-18.31092754770179,-2126.173881498443,29.76267633908765,0.002875313469603442,-0.0005435577892943175,1.573857649039154,14,14,False,-2.204759934240759,-26.722796155576415,-0.06638283608230658
23.121000051498413,.,-18.315703959165912,-2126.168141620736,29.753579941216564,0.002875702410260681,-0.00048015113467492557,1.5738196655546244,14,14,False,-6.462482252549989,-19.60356949140987,-0.3654307441247511
23.259000062942505,.,-18.319081475695974,-2126.1995459282443,29.772547787529863,0.0030453877253844197,-0.0006813647167101645,1.5739029627831718,14,14,False,-2.9999088498433077,-11.531202379419444,-0.8259841554895249
23.395999908447266,.,-18.31929813294621,-2126.2139505548244,29.77763856328254,0.0030541059613225174,-0.0006077877662119405,1.5738485244831883,14,14,False,-1.5419768426327083,-6.684044792018886,-4.136163232740122
23.52300000190735,.,-18.328125735083436,-2126.2165265907006,29.77894543148426,0.003005893716989746,-0.0005274320252268459,1.5738644823582966,14,14,False,-2.670471048777666,-2.577914964669203,-5.1974454735717
23.647000074386597,.,-18.32280561391895,-2126.176585457213,29.782498562211913,0.0028331326474218773,-0.0004969788324289695,1.5738554219305212,14,14,False,-1.2261575711609112,-5.231269590134616,3.118064424381373
23.77500009536743,.,-18.324341466721975,-2126.1860633984343,29.769334092177285,0.0031009002371032266,-0.0005147944481290541,1.573852755196869,14,14,False,2.1121092607850436,-4.809534309278449,2.8909605713899724
23.905999898910522,.,-18.326459619100465,-2126.205102244784,29.760933539209184,0.0030106464071191384,-0.0005072301791342176,1.5738558258280564,14,14,False,0.3380154916634143,-6.868316015186839,1.2301350367381638
24.033999919891357,.,-18.321351254061216,-2126.168371531292,29.776616710860075,0.00278887806970444,-0.0004537039635844687,1.5738037539565852,14,14,False,1.561394727396068,-6.267748573852073,8.27117616743965
24.161999940872192,.,-18.3080003340661,-2126.1547162868196,29.757394085617822,0.0029329648843469313,-0.00048555677278968,1.573831873934935,14,14,False,8.158570552313737,-1.3352743961362021,2.003818597945267
24.289000034332275,.,-18.304229523372015,-2126.1494575944157,29.766747707978062,0.0030642814872286848,-0.0005456637271001869,1.5738820906586417,14,14,False,7.4403475022512735,4.3078806831110015,-9.828587154378932
24.41700005531311,.,-18.29653721192522,-2126.167883378233,29.753709118774637,0.002939175916587537,-0.000508622342984088,1.5738321560623882,14,14,False,5.699229549373095,8.146649701901406,-7.2298879484428795
24.543999910354614,.,-18.309911966838314,-2126.20252371546,29.768321791420075,0.0029304982064901224,-0.0005364551045180852,1.5738466382987968,14,14,False,4.260904734105511,10.849956441141115,0.4921869194298366
24.668999910354614,.,-18.318033308432884,-2126.216148743561,29.781609010684296,0.0031345826126631567,-0.0005688280115544944,1.5739102825320899,14,14,False,1.5782641923423375,10.108108040781035,-10.757532620082845
24.805000066757202,.,-18.320935253595213,-2126.190599546756,29.776242824392792,0.003067011549454352,-0.00047709731204827297,1.573797540210386,14,14,False,-3.3711662852770132,13.946934089377464,-5.669174502905662
24.931999921798706,.,-18.32318664228707,-2126.190279187828,29.77737099818837,0.0030085896894908324,-0.0005488016803408042,1.5738618768009769,14,14,False,5.792897633292988,19.465746658741207,9.334922090337603
25.060999870300293,.,-18.331782825829592,-2126.207003792098,29.78685866155403,0.00287734546220369,-0.00046523730086175317,1.5738337541599101,14,14,False,14.305790585948248,22.041596450392024,2.578270206645203
25.188999891281128,.,-18.318695655201722,-2126.184516938734,29.762008581066755,0.0029726508626368984,-0.0005089981050192952,1.5738397406053144,14,14,False,11.272939076029852,16.736960495102018,-9.817866497914657
25.31599998474121,.,-18.326507356213504,-2126.200884879803,29.774011989856042,0.002937004070424774,-0.00046330062855991835,1.5738375473086874,14,14,False,2.852330541369961,12.462593668145555,-14.115301418521433
25.443000078201294,.,-18.332361195734684,-2126.191416247853,29.783204489391533,0.0027993749920930447,-0.00043650555540193084,1.5737633379965503,14,14,False,1.08598969265602,12.684460005311184,-6.064112647148798
25.578999996185303,.,-18.31382606390231,-2126.1632598278225,29.763764219776615,0.0029164087315132633,-0.0005450838765229404,1.5738088450148904,14,14,False,9.343381828497725,18.33724869825388,-13.037601383909761
25.710000038146973,.,-18.323823729308987,-2126.2025768216467,29.769369679263992,0.0030084558178619745,-0.0004350873885724112,1.5737258611459721,14,14,False,9.523592953379314,22.751989161019797,-14.451232353634486
25.841000080108643,.,-18.308555327755624,-2126.1761772516716,29.75592109189117,0.0030159798848674872,-0.0005435780814893792,1.573808895379834,14,14,False,7.515904660790997,-8.459004498133133,-13.569850484615325
25.966000080108643,.,-18.31639247293422,-2126.2049568593948,29.761659570582836,0.0030169891075707907,-0.0005406557912216694,1.5738132575979074,14,14,False,97.62456099029966,-53.13298875203263,-286.38284719665114
26.08999991416931,.,-18.31765909980869,-2126.193549081307,29.767076226968225,0.0029672782319990617,-0.0005087444800257258,1.5738222521098126,14,14,False,-25.396031486066974,143.96899833629763,168.26194675371931
26.217000007629395,.,-18.305033053379386,-2126.157886533801,29.74386937809678,0.0029135991959524494,-0.0004683932891360973,1.5738104561911086,14,14,False,13.72397498562104,6.89149731737601,-17.567267727752437
26.348000049591064,.,-18.32362092848182,-2126.1721539984146,29.782567033322874,0.002815663050864248,-0.0004506003944317319,1.573777370896846,14,14,False,2.000018835077519,-10.389830657774755,5.240336686655253
26.4760000705719,.,-18.306897634628825,-2126.153465944946,29.76218670919038,0.0029826532016249668,-0.0006066955476481177,1.573874635702255,14,14,False,5.84752292137968,-39.693334833161174,-17.243624663023795
26.605000019073486,.,-18.31149439242848,-2126.164785658762,29.76421444541189,0.0029920068296310043,-0.00044487417225024943,1.573827907805179,14,14,False,184.6156828403806,-369.67017545852326,-441.81758441810405
26.73900008201599,.,-18.316723115731648,-2126.196099408612,29.773709216808854,0.0029469268686977395,-0.0005460124956103178,1.5738244187300312,14,14,False,-162.0066782604602,189.3897000006755,308.32929995456846
26.86299991607666,.,-18.318725042023758,-2126.162025392845,29.786251436125305,0.0026595668716416776,-0.00042964121649856737,1.5737538915604459,14,14,False,-23.30432301117506,35.99164013627117,-73.50298468000004
26.990999937057495,.,-18.302310671367245,-2126.148294795768,29.758495785742703,0.0028974246613453006,-0.0005469339645674115,1.573847892817346,14,14,False,-5.75844949260197,-58.0479855953671,6.807350409389073
27.121000051498413,.,-18.309999966551818,-2126.1658229566674,29.77419154796057,0.0030334366076502695,-0.0006368207025670447,1.5738768212864804,14,14,False,-2.480958071908557,-47.2269647732677,-12.89593804342715
27.247999906539917,.,-18.312086322794425,-2126.174254754122,29.786100149250665,0.0028843214444062223,-0.0005626924251661762,1.5738189779304947,14,14,False,-1.4438996988198458,-52.131636009367426,-12.86395043401722
27.38700008392334,.,-18.312764166597965,-2126.1949109121747,29.781107061349452,0.002850735296637678,-0.00048282058912330316,1.5737834000476065,14,14,False,-17.901536069977396,-41.505566269437494,23.58039852549824
27.51699995994568,.,-18.313022525686065,-2126.17420082551,29.787456919136357,0.0027566086842398946,-0.0005650337245957443,1.5738327411529607,14,14,False,-25.26987459990616,-33.200758733183605,49.728798325136026
27.644999980926514,.,-18.315918252179074,-2126.180281187394,29.77125610973864,0.0028462206575603135,-0.00045653741640591276,1.5737843488709782,14,14,False,87.30682228495854,-152.75816444463317,-15.702417517886223
27.769999980926514,.,-18.326648908786396,-2126.1783075885805,29.77919684527136,0.002914438309546389,-0.0005535961037710411,1.57389609741021,14,14,False,-11.887604165178818,-26.72177490578164,32.04110682862702
27.894999980926514,.,-18.334989933211833,-2126.2073115225835,29.778870006307283,0.0029632373719911138,-0.0004396511832422709,1.5738431765780236,14,14,False,-1.6667411187568177,-18.48138203057897,4.903192154662975
28.02300000190735,.,-18.33459805743413,-2126.182618717323,29.784829329223644,0.002837625024769596,-0.0003309257645365991,1.5738414748931981,14,14,False,-2.998425352016966,-21.625013818127627,-13.726278189424193
28.15000009536743,.,-18.315368096367884,-2126.20646500323,29.767729522112962,0.003109023979331988,-0.0005385826024230599,1.5737957143375163,14,14,False,-17.62486136081239,-35.73318340662661,-14.090034604268192
28.277999877929688,.,-18.312153305512084,-2126.1790014160415,29.76299573537838,0.0029070470456484102,-0.0005055527620827107,1.5738211451757094,14,14,False,-119.11678822176104,-12.385183543143919,112.63551176615205
28.40400004386902,.,-18.317309205964204,-2126.1944069441574,29.778357398006513,0.003008149958419245,-0.0004902376601472442,1.5738622756874212,14,14,False,46.32222557401671,-68.18530293807373,-96.97576861370784
28.532000064849854,.,-18.30863942183038,-2126.1678635882063,29.767776705501603,0.0029837712831518514,-0.0005746340721083735,1.5738155980611146,14,14,False,-12.791352024651909,-15.82577829381552,-0.5127275847256858
28.657000064849854,.,-18.313100461487718,-2126.1630030923898,29.762942869771212,0.002891632115021926,-0.00048586473901111795,1.573873871482446,14,14,False,-5.95585583146898,-8.84076268206503,-15.042472524816015
28.783999919891357,.,-18.320954762216047,-2126.188566544958,29.77418508785339,0.0029697680026551277,-0.000497137357289147,1.5737705079940123,14,14,False,-6.433750257672045,-0.3882910324537079,-1.7106777470216912
28.907999992370605,.,-18.327450305122024,-2126.200353946435,29.77826387453345,0.002837471414500584,-0.00044123627446295455,1.5737710135056062,14,14,False,-17.951443269559572,-6.141850806491792,-5.015499149343392
29.033999919891357,.,-18.314633920310207,-2126.2017674244416,29.788330429980867,0.0030558719672131277,-0.0005800930004908326,1.5738641343687887,14,14,False,7.4933693724194725,20.9069087484171,21.81866548216379
29.171000003814697,.,-18.31604127925491,-2126.199640580925,29.770836309583512,0.0028508719743547723,-0.0005125586267409295,1.5737942825316047,14,14,False,-3.1945750531124526,10.669070564991928,10.37234857761141
29.29800009727478,.,-18.328743080910527,-2126.204201347101,29.782207315880903,0.0028639751912310878,-0.0003988088827225999,1.5738148369094382,14,14,False,-0.27461935438176577,18.5440405101417,11.129813271132136
29.424999952316284,.,-18.316329686104318,-2126.2004498614447,29.762582817414955,0.003060865476235272,-0.0006173375802255197,1.573823400130146,14,14,False,-1.2733628792591842,18.41481050853308,3.199738114746464
29.55399990081787,.,-18.316183519466836,-2126.204621421384,29.755906594817663,0.0031652976646410207,-0.0005336652301383052,1.57377736846986,14,14,False,0.3377905271351031,21.858495888987417,-0.548045860285987
29.681999921798706,.,-18.32372413643714,-2126.1903980797238,29.78630931530411,0.0029290357857941493,-0.0004189324191210236,1.5737907256654906,14,14,False,-1.0437260371708739,23.338884290956564,-3.5900879676077646
29.808000087738037,.,-18.3034505162413,-2126.1591892951014,29.74321784248493,0.0030708286668374146,-0.000704172697156475,1.5738891255788257,14,14,False,-0.7274279097512287,22.474197563256183,-5.534064063416659
29.933000087738037,.,-18.308456902349842,-2126.161546069771,29.76984310918124,0.003054237093681697,-0.000426584459022911,1.573832892648662,14,14,False,1.5415887489878493,23.060942333480128,-2.878785225642925
30.060999870300293,.,-18.323314411312694,-2126.1876223428203,29.7812352832703,0.002866844180149365,-0.0004372796046604505,1.5738723134757804,14,14,False,-0.1667395895331083,18.55063772169524,-2.349010962390821
30.20199990272522,.,-18.314438500448247,-2126.167621820735,29.780359207016534,0.0027613666198419823,-0.0004961984530421411,1.5738044411037533,14,14,False,-1.467997004021608,21.28718894525675,-7.7381923829693
30.329999923706055,.,-18.318033719811815,-2126.200552854326,29.761282023075356,0.0030843188333385713,-0.000632381391639818,1.5738039780611797,14,14,False,0.8582026141162,37.322828300843746,-28.409127734241682
30.45799994468689,.,-18.293452095826396,-2126.1605815505873,29.743650857263813,0.0031053730211557406,-0.0005868245305624383,1.5738829164359673,14,14,False,-2.0373694072610666,63.7173640380839,-68.4919402088983
30.624000072479248,.,-18.318470361234965,-2126.202932234283,29.770693872344093,0.002768077568851196,-0.00033247766013498164,1.5737151537292915,14,14,False,3.3400367871201775,83.4504919641075,-82.30327120057859
30.75600004196167,.,-18.31064823272663,-2126.187512338862,29.765766970607547,0.00303522894490791,-0.000578885678493132,1.573927202479239,14,14,False,-716.422289094425,-811.4138325647016,197.2031910459203
30.88700008392334,.,-18.32088411194789,-2126.1994375493587,29.79184844192279,0.002832720739444627,-0.0003474878475056775,1.573837609939865,14,14,False,897.9118159193678,1224.0636440526232,-420.2321572210032
31.01200008392334,.,-18.307448277134633,-2126.1962487232795,29.776892223971856,0.0028254510943812755,-0.0004436697701562993,1.57377279711863,14,14,False,-31.88053153391748,117.69138739077944,-65.18244611026145
31.139999866485596,.,-18.31983629978762,-2126.1777365654207,29.776168891046034,0.002765951459106725,-0.0004524672594676478,1.5737498871322941,14,14,False,-126.72730299134628,244.9800462476269,9.627143689041986
31.27500009536743,.,-18.313638046509034,-2126.209484625295,29.775425888793695,0.0029214292282606718,-0.0004792642296369291,1.5738406108525602,14,14,False,-20.18702304085739,128.30440931143087,-34.297762315175184
31.401000022888184,.,-18.32646350182838,-2126.1998938145466,29.78049274117614,0.0028673673623517072,-0.0004023558675254985,1.5738157774333932,14,14,False,-6.017926768141519,106.84657444723716,-53.85927494329574
31.527999877929688,.,-18.308294888464623,-2126.1699815763272,29.767813765143497,0.0029466628319952744,-0.0004974932455047063,1.5737959329737392,14,14,False,-9.620576403040697,109.83868182540036,-87.01493452878714
31.65400004386902,.,-18.30549016845706,-2126.165659490481,29.74970784138941,0.002999071021612652,-0.0004757993568813469,1.5738401813597909,14,14,False,7.636149075819543,91.56591276107049,-104.58270570464303
31.783999919891357,.,-18.30407951444148,-2126.154266784523,29.746559572909053,0.0029030283520440764,-0.00045316018904702313,1.5738264682310437,14,14,False,62.16394285271688,-18.854157957140774,-83.19293934685042
31.908999919891357,.,-18.309770519014208,-2126.1704488494784,29.762533068595754,0.0029344282752492025,-0.00046212577774403023,1.5737771220187675,14,14,False,-5.853698552774698,58.39037414211824,34.945917981634835
32.032999992370605,.,-18.316287136382122,-2126.2086899898336,29.775484121804006,0.0029670728261869984,-0.0005519114029017111,1.573907502286357,14,14,False,3.578866711878618,29.377311414638825,79.37070699277683
32.15700006484985,.,-18.309879698825554,-2126.221708521838,29.77059794456652,0.003108903239880055,-0.0005469774177313282,1.5738493637798687,14,14,False,12.31189444652144,11.663604977571454,100.88497682247177
32.28399991989136,.,-18.31451994766043,-2126.1956040897708,29.760684466538464,0.0029979815276202173,-0.0004835986044281717,1.5738091676940604,14,14,False,18.359080909776164,13.96333550658178,140.07614217353887
32.407999992370605,.,-18.30417408837355,-2126.1535589778073,29.760594829992534,0.002881241511334953,-0.0004842237392945027,1.5738332443464635,14,14,False,33.940618030393516,-16.646338085152532,152.06645935794126
32.53500008583069,.,-18.314065378195984,-2126.1680487436247,29.766710940367528,0.0028633507214193697,-0.0005017744038820392,1.5737937173217071,14,14,False,72.58000199035004,-73.109032365545,109.6923075575608
32.66499996185303,.,-18.301960702887378,-2126.1613362259936,29.759184951560282,0.003036224811133227,-0.0005420303542180169,1.5739425321412472,14,14,False,36.16072420244748,-69.35130189828378,38.278903581301364
32.795000076293945,.,-18.32129963738068,-2126.175836341142,29.787690003402176,0.0028671730905415545,-0.00045611705063744316,1.573806142820022,14,14,False,20.256316750742265,-50.84600585503622,-11.117882557036372
32.920000076293945,.,-18.32109532693901,-2126.220483172857,29.787629531972335,0.002986396484876841,-0.0004565570301257455,1.5737491943272044,14,14,False,6.63202327597877,-44.35625845732842,21.045243322549553
33.045000076293945,.,-18.307266709230067,-2126.219764986507,29.788186892266857,0.003034643222637856,-0.00036748251128284904,1.5737988756875145,14,14,False,-11.443629716696677,-38.341254135534086,130.05915930108384
33.17400002479553,.,-18.313164955169324,-2126.2336329772065,29.79286055382002,0.002951823948134366,-0.0005022098745311024,1.573804395818565,14,14,False,28.39974112451023,7.255725847564463,202.6687151168826
33.30200004577637,.,-18.30324150785993,-2126.205629966915,29.76999171160847,0.0030555518278153836,-0.0005119551005188678,1.5738434088604234,14,14,False,39.55535301866624,18.260499985191956,147.0611642440449
33.43599987030029,.,-18.317473750709112,-2126.218841035024,29.797487505287872,0.0028052642083221876,-0.0003700083785174115,1.5737799054690849,14,14,False,45.341919046277525,14.026804021823587,42.579739660186725
33.56399989128113,.,-18.320425030544865,-2126.2048248017113,29.771352057200044,0.0029626833888491337,-0.0005708864839462454,1.573813584318792,14,14,False,21.15425796238409,-8.160229622943145,74.88580811264916
33.69099998474121,.,-18.32122946626091,-2126.2004996622227,29.78141323922601,0.0029332965086649237,-0.0004977780973083824,1.5738046069432292,14,14,False,69.371400481902,-137.78924195600106,174.5386667123565
33.818000078201294,.,-18.298747044306065,-2126.172095720293,29.758653326656663,0.0029309603997445667,-0.00043457053717427626,1.573828536993784,14,14,False,52.47764934760404,-64.17321426140123,174.46442074537643
33.948999881744385,.,-18.319650282224707,-2126.1931895074035,29.769879801729523,0.003033858728372353,-0.000565006937849153,1.5738205704295505,14,14,False,20.569241063096563,2.3751150804489587,101.4248060932766
34.073999881744385,.,-18.306641504642876,-2126.157560137348,29.74099634102803,0.003094957345954748,-0.00046393405612690677,1.5738156526510316,14,14,False,17.971414012269893,172.99089590003615,-92.7318824843124
34.20199990272522,.,-18.320375543891164,-2126.1546450861792,29.736377302096564,0.0030446208468370346,-0.00053013905136101,1.5738451962217193,14,14,False,33.79666490800777,165.73513401722263,-15.216645690806306
34.331000089645386,.,-18.31643756782677,-2126.1351764597493,29.754569516921105,0.002813262375690107,-0.0004843457015081217,1.5737911051320197,14,14,False,184.23380049000977,215.546197999689,79.5429409865721
34.45700001716614,.,-18.32461241894904,-2126.180148849375,29.75603239173653,0.0029681815669875757,-0.0004973847459287019,1.573782272041583,14,14,False,261.43648711896464,106.37779984762523,124.50510650865495
34.58500003814697,.,-18.329466292731333,-2126.1927626044294,29.780632249945487,0.0030237942650901866,-0.0003619437244377654,1.5738301239466594,14,14,False,135.47089182157214,-12.128241405496949,29.13516083081851
34.71199989318848,.,-18.30671506644764,-2126.1831451052194,29.743443859681445,0.0030312945100018605,-0.0004948527490682547,1.5737681494911016,14,14,False,173.76817311245708,-84.03342785398277,-122.75090785384928
34.83999991416931,.,-18.310138624361976,-2126.186158949011,29.759092974295285,0.0030218502194040734,-0.0005920779271662872,1.5738400622330884,14,14,False,135.04601947993385,18.59913997834086,-4.860219741254911
34.9689998626709,.,-18.305151317720924,-2126.1838922024704,29.7478397185094,0.0031106709462556128,-0.0004879842837344213,1.5738659579681906,14,14,False,124.53716021466022,86.85863360633624,151.65036810845461
35.09299993515015,.,-18.29965354745568,-2126.1607961016266,29.756660334790876,0.0029360003988299003,-0.0005486364058308665,1.5738275122744128,14,14,False,152.72927815124905,35.157811051784876,-148.61987352565183
35.21799993515015,.,-18.30479991388224,-2126.139034000842,29.73843409361266,0.0030809930453457287,-0.00044049890334071966,1.573822030139,14,14,False,139.7207186640823,74.90135768236365,-9.150316507663868
35.34699988365173,.,-18.309843588852722,-2126.152972425909,29.73511080102745,0.0030485095451318854,-0.0005821181878030734,1.57385381687486,14,14,False,63.147448625996276,64.8360925570887,-20.39248031697207
35.4760000705719,.,-18.323425768848463,-2126.1419351180575,29.741847653085614,0.0030592014585156244,-0.00038539091489875403,1.5737838811490124,14,14,False,13.097547034589734,55.93637855302971,-36.192592760799734
35.60599994659424,.,-18.306463645447582,-2126.1543782380118,29.755054598654503,0.0029901292606480914,-0.0005560022668885771,1.5738878689440885,14,14,False,-8.012750523962344,35.395059077096334,-55.57123372401262
35.73099994659424,.,-18.316444249757247,-2126.1992388343565,29.76632964082574,0.0029098894352417013,-0.00041102274744535754,1.573768808057185,14,14,False,-184.2075138517462,131.36347753891485,194.13513680626957
35.859999895095825,.,-18.341862478824908,-2126.1926939866657,29.755402542633284,0.0029612874905536705,-0.000424592062785166,1.5737196149585329,14,14,False,-34.64426923662313,-50.452063660639396,-196.1006086152047
35.98799991607666,.,-18.343324439695902,-2126.1869557046252,29.770423310337126,0.002902238744438487,-0.00046359164014731885,1.5737224101756324,14,14,False,20.171249835702888,4.4016690036840345,-16.834273103116455
36.11500000953674,.,-18.34174146257447,-2126.1903767893505,29.775976458865376,0.0029645269643811863,-0.00045237163459410016,1.57374045175404,14,14,False,31.60044370190403,8.697598761663606,24.504370434696312
36.23900008201599,.,-18.323649812077605,-2126.177356345575,29.76943666628359,0.0030724712266171172,-0.0005058747556316354,1.5738170992193845,14,14,False,-29.141491116633038,-8.496246008925917,49.627358227690884
36.36500000953674,.,-18.320019346147394,-2126.1505939875747,29.75325159565665,0.002823155858607081,-0.0004078012053676198,1.57381636325225,14,14,False,-38.311722365842236,-57.5793851867607,-30.416817720841454
36.49799990653992,.,-18.30625233875912,-2126.1601920252824,29.744255484837883,0.0030518522935685613,-0.0004370738363219497,1.5737691423876783,14,14,False,-32.2192999704867,-51.40916911211329,-20.29200863300529
36.62599992752075,.,-18.30456317261274,-2126.146931853512,29.745518119100836,0.002884116349985107,-0.0003916008989547279,1.5737551881920908,14,14,False,108.97182849871395,-64.73644547742633,-116.69742767067578
36.753000020980835,.,-18.309252913357387,-2126.1649076300364,29.75907624926513,0.0028189142533563845,-0.0004656631932443211,1.5737835726224148,14,14,False,2140.938987279203,975.7455024229972,1257.2896146918756
36.889999866485596,.,-18.323746788078235,-2126.17650327608,29.777352567894923,0.0029450422097980155,-0.00039077037381552045,1.5738661460446657,14,14,False,-70.72335671116797,49.46370846012362,-76.67256917633145
37.01600003242493,.,-18.303914966966133,-2126.164468908459,29.76590712118655,0.003026344724342864,-0.000525637085730389,1.5738486983649438,14,14,False,-2035.704087512156,-923.0556023306103,-1287.8363913085786
37.14400005340576,.,-18.310375966922116,-2126.167396074699,29.769536026422887,0.0028912384117332256,-0.0003582454149014697,1.573815774246537,14,14,False,30.272893931529083,-9.3415629146173,15.595468044520109
37.26900005340576,.,-18.326135860483088,-2126.1844149428143,29.76480397608841,0.0029208690695979225,-0.0005031923783914047,1.5737386991941005,14,14,False,39.5907896419687,51.614314885620864,-38.85605133605805
37.394999980926514,.,-18.322922704348684,-2126.2203086220493,29.776384735357063,0.0029436241082735847,-0.000454789212756365,1.573773453648041,14,14,False,75.60561097771733,89.0821995912047,-50.79927527777909
37.5239999294281,.,-18.313756142072684,-2126.1938817825144,29.765753708605803,0.0028763598546952787,-0.00047871477057202224,1.5737848677965867,14,14,False,41.483553599648346,53.13980239056327,-48.61150918293716
37.66199994087219,.,-18.294633078441628,-2126.1707479397214,29.74323049386693,0.0032359852246780637,-0.0005805825375256124,1.5738776824686371,14,14,False,55.54503430188576,14.904183950032396,-19.763187412693966
37.78999996185303,.,-18.301914949836085,-2126.155673409198,29.761897928953612,0.002909081281180526,-0.000497377548229481,1.5738034984099916,14,14,False,19.235464136988767,5.793965462656612,5.238528288802123
37.92700004577637,.,-18.290662778193294,-2126.1610786421443,29.74982575909458,0.0031625512135104185,-0.0004223536277731649,1.5738835793081722,14,14,False,68.77177277721924,-0.8977271104244817,-87.04260289707473
38.0550000667572,.,-18.28867304360848,-2126.158963780818,29.76439014563779,0.002902488216848884,-0.0005465090619643107,1.5738868808728403,14,14,False,115.16719515625437,48.23672029055472,-70.88215708844068
38.18499994277954,.,-18.292498898208446,-2126.1531233016467,29.759141824823768,0.0029192929014962257,-0.00045239745350754353,1.573829826339604,14,14,False,134.94079267205308,136.53122307825333,34.426233676085936
38.30999994277954,.,-18.30262994303626,-2126.1705349475583,29.76064603844761,0.003006683192345285,-0.000446626566035081,1.5738214363144127,14,14,False,118.85017782949299,137.22289483305437,153.189871299227
38.437000036239624,.,-18.31131493493982,-2126.201827886032,29.744096494035798,0.002965304961989139,-0.0004939869599683446,1.5738300854806544,14,14,False,41.14633015563322,44.18359664239688,233.59451515870387
38.56099987030029,.,-18.332802255320342,-2126.1901214788627,29.764171430792732,0.002982218953493336,-0.00047447993573012883,1.5738053209617202,14,14,False,-86.63039679912627,36.87502663144619,249.2806575142178
38.68899989128113,.,-18.33980420764428,-2126.2011522337,29.782797981469358,0.0028503167123372065,-0.0005491878419191399,1.5738156695227816,14,14,False,97.4455682918875,-73.1284135984534,114.92915167471331
38.81399989128113,.,-18.315960314862238,-2126.1813526757496,29.768865532299824,0.002720299563569203,-0.00045594460507432,1.5737547695467793,14,14,False,117.65939605380981,-47.237803684950975,35.52072363022668
38.94099998474121,.,-18.314555425970905,-2126.1584114016764,29.750823761432418,0.002966910532061693,-0.0005208664213875342,1.5737855245382804,14,14,False,72.64689401569062,-46.57967398291909,57.37571001914769
39.068000078201294,.,-18.33801275071102,-2126.1485837097625,29.75380111219902,0.0027665534387594248,-0.00034460964448994037,1.5737012065288367,14,14,False,17.486646770608978,-49.94917034737212,46.46063473792282
39.198999881744385,.,-18.319427971150144,-2126.135742238711,29.761773820996304,0.003142149179638468,-0.0005690872360760369,1.5737773135164561,14,14,False,-16.55809890100029,-40.38271995397678,41.809765621254016
39.32200002670288,.,-18.328525723456952,-2126.1665238944543,29.739450244281887,0.002919283065598165,-0.00048504064961429373,1.5737824561461449,14,14,False,-17.714493845816957,-41.601451428504255,49.83342036324244
39.456000089645386,.,-18.323486654319918,-2126.1459539555167,29.74693349953004,0.0029011036096795286,-0.0004379335567626964,1.5737563817473366,14,14,False,-15.156535944098486,-21.08354706547015,57.171469813840616
39.59299993515015,.,-18.32867063819988,-2126.1355457257137,29.741025744779904,0.0030157425336465107,-0.000523464241109818,1.5737692560582401,14,14,False,121.85208964861509,-78.94778029815168,-24.86421263904098
39.72699999809265,.,-18.31698685347246,-2126.143569504553,29.736106667806826,0.0030151887926870256,-0.0005851995365691858,1.573825937859804,14,14,False,-30.784760992335638,28.2622042347498,4.523755420516664
39.85599994659424,.,-18.32601492846515,-2126.178344785408,29.761601677196367,0.0029908447908032743,-0.0004472336766737018,1.5737897418602322,14,14,False,-51.47634800982482,51.62633263637053,1.0087542604149824
39.98300004005432,.,-18.31277801873386,-2126.155822414224,29.746221184148485,0.003050811134175012,-0.0005577356762153928,1.5738231238314206,14,14,False,-202.58720580464785,151.89444216337913,12.447689386469165
40.11199998855591,.,-18.31569513577671,-2126.1723848696984,29.7600950910426,0.003014467282010224,-0.0005260643922909122,1.5738217973802877,14,14,False,-97.93923563098049,44.58771078681448,-8.746776905974325
40.240999937057495,.,-18.30789748160604,-2126.1422353157695,29.754613132906442,0.0029058373303279075,-0.0004991800847123523,1.573822114749775,14,14,False,-95.02077359087899,91.33914675044483,35.780377342772326
40.36899995803833,.,-18.31222786833345,-2126.1567289126197,29.755636284298543,0.0029786792889501504,-0.0004399789711948927,1.5737925114618125,14,14,False,-75.91310858894988,68.91308553395443,54.290192831305355
40.49399995803833,.,-18.329515679095238,-2126.1888788309325,29.76838555758964,0.0029666134024206366,-0.0005310044721425588,1.573746087071454,14,14,False,-59.43430169773364,-2.29564326928197,39.62415519723173
40.62299990653992,.,-18.329795714765083,-2126.17832799824,29.772508964421977,0.002935812276479302,-0.0005332145001190349,1.5737820555748896,14,14,False,-73.15352935782585,-62.52043299061188,-4.368578538565998
40.776999950408936,.,-18.32274454130195,-2126.207471671629,29.78956934181895,0.002802827428307181,-0.0006030524255492308,1.5737556846757257,14,14,False,-72.5786588531835,-112.47105719699853,-10.061333695916373
40.90499997138977,.,-18.309230324736355,-2126.205197182721,29.779888606285216,0.0029321356786063254,-0.0005132539187918052,1.5737643261912129,14,14,False,-32.87711677284652,-141.4718262156595,-44.9898355323926
41.02900004386902,.,-18.31666905333216,-2126.1745458536316,29.764636380671078,0.0028027882318537654,-0.0004967494938958449,1.5737571849637468,14,14,False,-47.141069418009934,-125.56134232465566,-101.47338759698566
41.15700006484985,.,-18.32500485477134,-2126.1978019974877,29.765489642377872,0.0029142107827024376,-0.000401599585973505,1.5737342777991923,14,14,False,-8.828919495999525,-68.0039291306656,-126.45358483908073
41.28699994087219,.,-18.29086549605823,-2126.1518491467214,29.74049175246981,0.0029789166799436876,-0.0003509264070069068,1.5738229214539714,14,14,False,41.25153009755945,-51.03327145203646,-80.94877104561321
41.414000034332275,.,-18.313257611413324,-2126.1813780191555,29.77207743079472,0.002929879514367639,-0.0004956519771015062,1.57384544788631,14,14,False,107.10775041403198,-106.85527766045443,21.610661345855764
41.539000034332275,.,-18.31032514976349,-2126.160813289583,29.750967258359157,0.002927823320588252,-0.00038676151517053677,1.573772679076287,14,14,False,192.03871355583817,-185.39150338152132,-27.00088416826759
41.66799998283386,.,-18.327129565257533,-2126.1844012353595,29.75967923293037,0.0029512950269574537,-0.00043549424288309973,1.5737544563953927,14,14,False,135.11470709130595,-217.4848601319351,-15.755510381588481
41.800999879837036,.,-18.32242608654651,-2126.174134766701,29.768925956622468,0.0029413571011666063,-0.000474669554443977,1.5738306386380065,14,14,False,104.93947270785479,-111.12678624647727,-67.35527723650458
41.93300008773804,.,-18.31549509869081,-2126.18670272083,29.756564820602435,0.002935527688090996,-0.000482393149150651,1.573798336568369,14,14,False,75.27587675174428,-86.23528726509998,-1.9327476313657461
42.05999994277954,.,-18.31844718094198,-2126.1704689918515,29.76121333755864,0.003110295015630417,-0.000543623769293789,1.5738389485015045,14,14,False,48.275081422102545,-113.79472412107405,9.200045670649477
42.187999963760376,.,-18.315654499870092,-2126.1537677869824,29.76496703845777,0.0029023192903187946,-0.00046331953593442104,1.5737693553314145,14,14,False,-45.939728989003804,-149.18227593233786,39.057196543421504
42.318000078201294,.,-18.325962821101825,-2126.1844406077194,29.76541980754142,0.002796023653826017,-0.0004755293228333482,1.573774697465936,14,14,False,-153.79140091229374,-199.5929369653649,59.36075559729987
42.443000078201294,.,-18.322871229499622,-2126.1927472353154,29.7746190097221,0.0028894767043780105,-0.0004162874469977572,1.5737780715532228,14,14,False,-206.44545920041085,-209.47995911735924,58.25401857394673
42.568000078201294,.,-18.334679810513705,-2126.2066288062497,29.7777625486286,0.002859983363989637,-0.0004961026807492149,1.573759651500236,14,14,False,-229.41887531699103,-226.0091262240021,92.5709424910583
42.6949999332428,.,-18.308012649956904,-2126.168443950565,29.769753627875808,0.002945044040197277,-0.0005654547968153256,1.573817440091604,14,14,False,-141.825120306793,-195.01063825150777,12.518841527697077
42.82200002670288,.,-18.306703226885574,-2126.18955914049,29.76651248085026,0.0028346076005604528,-0.0004403421706314268,1.5737503145287692,14,14,False,-81.72796762240904,-194.77793457596417,51.94513938535285
42.94700002670288,.,-18.310364351761738,-2126.1649043082366,29.774122314671523,0.0028360149584592013,-0.0004803290042728564,1.573808314059703,14,14,False,-29.79437433856096,-147.58595496444073,-32.60449378043817
43.07599997520447,.,-18.312550662070354,-2126.18225787473,29.779817600561042,0.0029117427069756,-0.0005327482847933159,1.5738367993946674,14,14,False,-17.227455209297204,-47.12600403608667,-59.534001838770564
43.21199989318848,.,-18.316527440179247,-2126.154897116851,29.764664209816885,0.0028407422997060263,-0.0005323572588045594,1.5738093516598877,14,14,False,10.913508069838333,22.823805027329378,-38.825077347951385
43.34699988365173,.,-18.324691367110937,-2126.213151180302,29.7890600684993,0.002907175298268082,-0.00048198176190112827,1.5738150884706983,14,14,False,100.29573674180189,160.63464741681227,-28.92602037688029
43.48199987411499,.,-18.332878641414027,-2126.219106677623,29.796935512852407,0.003010435350458653,-0.000556168925526942,1.5738430136860335,14,14,False,159.44161733097658,179.69673844990697,-58.31203813841587
43.60599994659424,.,-18.315751584148753,-2126.2123072484,29.776717579134313,0.0027376154318874356,-0.0005134712578107018,1.573714366297531,14,14,False,139.24688594038167,142.74181095278922,-29.208274575864124
43.730000019073486,.,-18.324745027358087,-2126.191496862144,29.792637518465323,0.00288758293306215,-0.0003339240299846084,1.5737618470110812,14,14,False,149.70750020310118,120.65038609535964,-44.70014723202835
43.85699987411499,.,-18.306516095157384,-2126.1800629581744,29.7702131745281,0.002834273461516934,-0.00046770354782896934,1.5738003245698184,14,14,False,76.92134956225408,38.294211909474896,65.56236770446458
43.98399996757507,.,-18.30303183694989,-2126.1996585501515,29.771118097248397,0.002829106512311848,-0.0004439969275084389,1.5737564247567024,14,14,False,68.5921921492758,95.37042807165606,-26.40775599060842
44.111000061035156,.,-18.31094902499781,-2126.224311763041,29.789790352431933,0.002961497546800653,-0.0005452111843170282,1.5737991310628163,14,14,False,23.897689269430423,153.1144118981769,-89.40454446293681
44.23799991607666,.,-18.303307131645195,-2126.225230245513,29.789534262152074,0.0029821253367061634,-0.0006282570877773566,1.5738639992294416,14,14,False,-30.685858990348727,69.30466754240669,-21.177579901790907
44.36699986457825,.,-18.31964281499545,-2126.2276943320694,29.786072750718787,0.002950321837498052,-0.0005967868174154041,1.573749464334453,14,14,False,-150.19297687718696,142.8079360517937,-5.037047630077214
44.49900007247925,.,-18.317998079140978,-2126.2180141454073,29.773324080679963,0.0029132474812877895,-0.000491362577323344,1.573698098397079,14,14,False,-236.52076685160145,144.7040768181373,48.827000954684344
44.62299990653992,.,-18.33215568395922,-2126.213183711199,29.78233457950626,0.0028551220181682294,-0.0005160767405029638,1.5736926731976826,14,14,False,-238.94315379707294,-29.57935822634927,93.55033044890531
44.75200009346008,.,-18.325170772929873,-2126.1655351799436,29.774935328312264,0.00295114952854092,-0.000488309794189801,1.57377620879247,14,14,False,-188.19390487574128,-158.86595063431105,84.8785955193899
44.878000020980835,.,-18.302971318597308,-2126.1272959550893,29.751773285443104,0.0029869258776529014,-0.00048790036514068964,1.5737866006211998,14,14,False,-163.42273248722043,-144.7580954684098,29.95531577772927
45.00499987602234,.,-18.315205246500597,-2126.153665777189,29.767107638618853,0.0027158264687385815,-0.00041500558297578963,1.5737227192182361,14,14,False,-192.12029975617665,-103.69674779154332,16.48649763016769
45.139999866485596,.,-18.31921456211083,-2126.1423978346857,29.767078131732383,0.0028310723032097212,-0.0005340477011705123,1.573815400407785,14,14,False,-229.17435728242924,-68.24375078253979,48.59991629098668
45.263999938964844,.,-18.33388325286961,-2126.1676150208696,29.74742015380864,0.00299878622935882,-0.0005239002807394682,1.5737865170221623,14,14,False,-231.9340954066076,-71.83305325299413,87.62379021772267
45.39199995994568,.,-18.330954532302076,-2126.1596254793694,29.746188929826015,0.0029098950023843076,-0.0004742235098184711,1.5737874866893788,14,14,False,-155.15779819797433,-127.30161251963277,48.219995027117506
45.56500005722046,.,-18.334279942033795,-2126.2781068621694,29.803254589753905,0.0029528347510317217,-0.0004992026824647524,1.5737225631812746,14,14,False,-161.34984826150242,-218.54650373262245,40.965830900570104
45.68899989128113,.,-18.338912564639465,-2126.2643346394866,29.766566946365753,0.0029756031391167353,-0.0004570692903123601,1.5737116740076438,14,14,False,-142.02127295461477,-464.2703355202992,59.284798208010265
45.81699991226196,.,-18.324369426219867,-2126.2189444855667,29.7841785724061,0.002849408159407176,-0.000498254236392196,1.5737492465296512,14,14,False,-131.06900509285407,-706.171654700637,106.21711106220067
45.94700002670288,.,-18.332797829391712,-2126.1870939665896,29.775824375938004,0.0028446190559822697,-0.00047443235891926285,1.5737230249112533,14,14,False,-86.63237099216671,-770.6173508078354,113.54540343224026
46.07200002670288,.,-18.32322594634049,-2126.162026992901,29.74962776936302,0.0027312355068580796,-0.0005124977811915866,1.57372078723665,14,14,False,-19.53934283139032,-972.8781845370769,42.61751055480268
46.198999881744385,.,-18.338139077269343,-2126.1517376434217,29.730919234581307,0.002969536017847657,-0.0003593250803370316,1.573727666962424,14,14,False,6.9956106722586355,-1021.7002680451114,34.74872770296861
46.33399987220764,.,-18.338834577461842,-2126.14493248198,29.749079259075668,0.0029829404993046878,-0.00030572965247156015,1.5737773559985737,14,14,False,-45.668682562210236,-1021.7062570228454,73.39129935989077
46.460999965667725,.,-18.342943033063527,-2126.159597697044,29.75751040895016,0.0028105661432737245,-0.00035056958721880793,1.5737124945095946,14,14,False,-87.17444617689131,-1113.0309356050745,11.69547599828584
46.58999991416931,.,-18.34809564866943,-2126.138283894632,29.760365231922094,0.002850717976886535,-0.0004476976638365549,1.5737200855641742,14,14,False,-122.74744574128117,-1177.5103349066967,-32.03511860471341
46.72099995613098,.,-18.34606597639646,-2126.178778261815,29.765519974914547,0.002885423959338005,-0.0006324178286022107,1.5737276994464917,14,14,False,-134.21848686508665,-1249.2817115714226,-2.0606342684223704
46.848000049591064,.,-18.328043489045392,-2126.173241763143,29.745647305251705,0.003104734303379008,-0.0005089106253041675,1.5738097124563843,14,14,False,-98.1074420569693,-1252.9284814243986,123.37040335275485
46.984999895095825,.,-18.338413212625483,-2126.1719062469892,29.761577701300105,0.0029976696177448935,-0.0004126741890491404,1.5737676886405672,14,14,False,16.94990274983331,-1455.4080523960365,10.532165140635122
47.11199998855591,.,-18.335032544514434,-2126.173587678767,29.786615140619272,0.0028679749164898447,-0.0005368376740815858,1.5738086233879292,14,14,False,68.14765707871403,-1370.783148875359,-35.19601656766001
47.24000000953674,.,-18.31459038765557,-2126.1619677012327,29.762605770630646,0.002870146584185904,-0.00046196473538628104,1.5737588314950677,14,14,False,-8.687341448133687,-1370.7754291845586,4.774387157527136
47.36699986457825,.,-18.3299754719029,-2126.2050341678414,29.757616429946815,0.0029984769483349916,-0.0006566705153916385,1.5738283485694164,14,14,False,-35.26912454580299,-1407.5526697781695,-16.24890378289276
47.49499988555908,.,-18.33180946878112,-2126.237181998654,29.768272554537567,0.003017421668747545,-0.0006405925568131781,1.5737312446682827,14,14,False,107.90147565914076,-1531.2650154559535,-241.94237358212564
47.63199996948242,.,-18.324458676568888,-2126.171672544037,29.769865381890202,0.0027747942558032537,-0.00039162947166405964,1.5737087481114675,14,14,False,-126.02713912530211,-1486.8538826271415,-102.33361630196845
47.757999897003174,.,-18.3330468751532,-2126.212557788051,29.78739892651663,0.0029138705367475586,-0.0005178560370762209,1.5737995246259242,14,14,False,-161.73720474833755,-1570.9564007786578,-13.4853369482701
47.882999897003174,.,-18.354816230076224,-2126.2528751031964,29.798167490765746,0.0027000129665558405,-0.00037529013850499943,1.5736965951217217,14,14,False,-56.74847159071867,-1543.3110580209636,-17.44819642476261
48.00999999046326,.,-18.36211575244688,-2126.272444048054,29.81107933399602,0.0028329620172029106,-0.0005596240669605169,1.5737850085218028,14,14,False,-6.693445650782337,-1535.213286121936,-51.20217965880329
48.139999866485596,.,-18.34232759473048,-2126.2583123987824,29.81652396339983,0.002657876378143723,-0.0004634327561771444,1.5737572537722937,14,14,False,-40.439533326153494,-1437.422360075237,-83.0825857531415
48.269999980926514,.,-18.33184745512286,-2126.2218015677836,29.788320214118635,0.0027490734679078976,-0.0005670207206186495,1.5738081464784006,14,14,False,-159.66413862361938,-1406.9304305059948,29.382465584047168
48.39800000190735,.,-18.34243845757036,-2126.2588048932225,29.771179781851835,0.002892616048262489,-0.0005771931885065749,1.5737951641787309,14,14,False,7.94509577628792,-1470.477060911206,-35.576844576758724
48.52500009536743,.,-18.342821023649428,-2126.220421886103,29.775242057764604,0.002886687988997605,-0.0006144229330547256,1.5737670611586154,14,14,False,3.4236823766393067,-1650.0005019599025,-26.9160282967247
48.651999950408936,.,-18.30255045716044,-2126.1850303664773,29.714338550430863,0.002389075899270329,0.0005928948575711616,1.5732546143288824,14,14,False,41.488020730157885,-1508.1035780228863,89.80354792511768
48.77999997138977,.,-18.308814990306825,-2126.227511806694,29.698424919854684,0.0024486839968926575,0.0005867137407022242,1.5732659621836704,14,14,False,36.895765411368295,-1482.426849902553,174.9395188158166
48.90499997138977,.,-18.36022472571958,-2126.2245938620977,29.772315889383407,0.0029137157979783807,-0.00036609246535182797,1.5736967763683414,14,14,False,28.50940229841223,-1451.7191072528087,158.8263537626591
49.03500008583069,.,-18.346635878847408,-2126.2302238635784,29.771915231980376,0.0029876137928164675,-0.00044763273077799384,1.5736989039526608,14,14,False,0.2962377467216306,-1470.3090363315132,137.05407171839732
49.164000034332275,.,-18.32806623723061,-2126.226590507402,29.795590874831944,0.00290980253040684,-0.0004199361295366183,1.5737463311164073,14,14,False,-71.21756582151075,-1351.8780708019553,40.13465172078183
49.30200004577637,.,-18.32855813573254,-2126.193486857759,29.79759002481587,0.0027269273718486028,-0.00046430019000850075,1.5737350451935768,14,14,False,-95.81463705335389,-1439.82222813069,-75.52822337160255
49.430999994277954,.,-18.326283819004974,-2126.2078728379747,29.78365802804724,0.002731887964947153,-0.0004652793665192616,1.573707183020666,14,14,False,-168.16395717684662,-1619.7447737053405,-204.4521179085615
49.55900001525879,.,-18.3332226445649,-2126.2238712847106,29.786722423795144,0.0029037709292217603,-0.0005198252537799757,1.573637199422656,14,14,False,-263.75929992307664,-1670.6204166833957,-139.20946499176588
49.68899989128113,.,-18.319411665474703,-2126.2188506189477,29.773854193519057,0.0029018334735520577,-0.0006403214157797838,1.5737953238746056,14,14,False,-265.5845835511096,-1613.2760928484468,-69.11446630716722
49.81599998474121,.,-18.36329676137116,-2126.2077237009385,29.717564986291716,0.0030694614636208226,-0.00049613825799199,1.5737193454172909,14,14,False,-98.74717384640412,-1727.7851509644554,-32.103978538949455
49.94000005722046,.,-18.343260908867705,-2126.2262895449576,29.79649025056961,0.0030266496702168926,-0.0004197649839670674,1.5737649541131342,14,14,False,-64.24824821217395,-1512.1852758374298,-14.71360245595696
50.06500005722046,.,-18.318946493139723,-2126.3086105397524,29.835433865129964,0.0028650246248709244,-0.0005359869866258002,1.5738419950524107,14,14,False,-120.17240276935466,-1544.8721128674722,49.82101483697956
50.19099998474121,.,-18.325380353329678,-2126.2837247118086,29.81312968222055,0.002916020077177615,-0.00048183050861000496,1.5737403575767814,14,14,False,-86.71659580613903,-1623.193885496897,-18.297465494522317
50.3199999332428,.,-18.33194883803694,-2126.2478038807167,29.789964286436035,0.0028328382057597606,-0.00039286738909495626,1.573709981556834,14,14,False,-111.8048048241235,-1688.8863941317713,-65.07685199041589
50.44799995422363,.,-18.32171782555121,-2126.2068725473378,29.796658743334497,0.0028136620498659427,-0.0004373540665014679,1.5737466804689584,14,14,False,-105.66611488586804,-1609.4803884722503,14.610331876597414
50.57299995422363,.,-18.382522278457934,-2126.386845561151,29.781617135851835,0.0026976773211791036,-0.0004909929892591607,1.5732526136009923,14,14,False,-88.56577764453289,-1734.8549384434937,86.42987129189378
54.70700001716614,.,-8.014239503875421,-2114.8678079110755,15.643504054661413,0.010180770068243363,0.0007213608893648425,1.5633885206531133,14,14,True,68.15949747757516,-1679.3657922802952,66.56271250880833
54.83500003814697,.,-8.020050665905227,-2114.8875868025816,15.66654289028973,0.010263962504663039,0.0006038938099016929,1.5633602422534825,14,14,True,-22.997544789339184,-480.83387680367053,-93.49050929012603
54.96499991416931,.,-8.020254806138155,-2114.8665830791647,15.65167566376904,0.010213464319720086,0.0006616512324885353,1.5634764167589283,14,14,True,-163.37441396194671,315.2933688429314,33.01839849753932
55.092000007629395,.,-8.014617615697583,-2114.889569550175,15.658978596681207,0.01015520496872467,0.0006766050997184599,1.5633400350415312,14,14,True,-47.64095103181352,168.84986604467156,-4.100997524097555
55.21600008010864,.,-8.025678443414447,-2114.9089362426193,15.668770381409388,0.010160146167303265,0.0008077907957044103,1.563413880499757,14,14,True,2.2440766765278033,83.12778852260736,-8.200380556737064
55.33999991416931,.,-8.01578077903385,-2114.879457767888,15.655724828746385,0.010185690847610493,0.0007128032962622663,1.5633859218868569,14,14,True,9.869537414662146,20.951868617609406,-18.62166865702158
55.46499991416931,.,-8.007711528682325,-2114.842150672622,15.646441155740673,0.010308800277744189,0.0007315765551013885,1.5634199207368906,14,14,True,42.567227575894584,-36.696014494960416,-8.01433685813035
55.59299993515015,.,-8.009249860114739,-2114.8649383396337,15.651067953219362,0.010192311606399723,0.0007085608077517362,1.5633282678854512,14,14,True,5.340919685342442,-87.25712604348155,67.72127732097942
55.723999977111816,.,-8.009430749518144,-2114.8425206393013,15.653037100669286,0.010138647342172367,0.0007496211123680869,1.5634589188755719,14,14,True,45.31145920040512,-114.70908474281492,1.1636240812443983
55.85199999809265,.,-8.00651907327953,-2114.866347385873,15.660050099410082,0.010159814026880489,0.0007315522271755349,1.5633844733475413,14,14,True,38.75232574317375,-113.21914349155212,-19.89391246529811
55.984999895095825,.,-8.013980934861717,-2114.8524049896964,15.653851327864823,0.010030679864461881,0.0007801499011852579,1.563374050033633,14,14,True,42.5066365214577,-71.31298932396419,68.12888003543334
56.10899996757507,.,-8.026189108944347,-2114.8802902372954,15.656308855266694,0.010026140398513177,0.0007463926539591624,1.5633942092074582,14,14,True,11.219928779171997,-33.95151715407852,144.7682914055868
